company,website,domain
Viator.com,www.viator.com,Travel Agency
JustFly,justfly.com,Travel Agency
JustFly,justfly.com,Flights Search Site
Vegas.com,www.vegas.com,Travel Agency
Gotogate,www.gotogate.com,Travel & Vacation
Allianz Partners USA,www.allianztravelinsurance.com,Travel Insurance Company
Allianz Partners USA,www.allianztravelinsurance.com,Financial Consultant
Allianz Partners USA,www.allianztravelinsurance.com,Travel Agency
Allianz Partners USA,www.allianztravelinsurance.com,Insurance Agency
Vrbo,www.vrbo.com,Vacation Rental
Vrbo,www.vrbo.com,Travel Agency
FlightHub,flighthub.com,Flights Search Site
FlightHub,flighthub.com,Travel Agency
ASAP Tickets,www.asaptickets.com,Travel Agency
ASAP Tickets,www.asaptickets.com,Flights Search Site
ASAP Tickets,www.asaptickets.com,Airline Ticket Agency
Priceline,www.priceline.com,Travel Agency
Priceline,www.priceline.com,Flights Search Site
Way,www.way.com,Travel Agency
Way,www.way.com,Parking Lot
CheapFareGuru,cheapfareguru.com,Travel Agency
AirTkt,airtkt.com,Travel Agency
iVisa,ivisa.com,Visa Consultant
SmartFares,www.smartfares.com,Travel Agency
SmartFares,www.smartfares.com,Flights Search Site
AirportParkingReservations.com,www.airportparkingreservations.com,Travel Aggregator
AirportParkingReservations.com,www.airportparkingreservations.com,Airport Shuttle Service
Guest Reservations,guestreservations.com,Travel Aggregator
Guest Reservations,guestreservations.com,Hotel
Guest Reservations,guestreservations.com,Group Accommodation
Guest Reservations,guestreservations.com,Lodging
Guest Reservations,guestreservations.com,Travel Agency
Guest Reservations,guestreservations.com,Resort
Ship Sticks,shipsticks.com,Travel Agency
Ship Sticks,shipsticks.com,Shipping Company
Reservation Counter,reservationcounter.com,Travel Aggregator
Reservation Counter,reservationcounter.com,Travel Agency
Super.com,super.com,Hotel
Super.com,super.com,Alternative Financial Service
Super.com,super.com,e-Commerce Service
Headout,headout.com,Travel Agency
parksleepfly.com,parksleepfly.com,Travel Agency
AARDY,aardy.com,Travel Insurance Company
AARDY,aardy.com,Travel Agency
AARDY,aardy.com,Insurance Agency
AARDY,aardy.com,Financial Consultant
WallyPark Airport Parking,wallypark.com,Parking Garage
WallyPark Airport Parking,wallypark.com,Valet Parking Service
WallyPark Airport Parking,wallypark.com,Airport Shuttle Service
WallyPark Airport Parking,wallypark.com,Parking Lot
Global Airport Parking,globalairportparking.com,Travel Agency
Global Airport Parking,globalairportparking.com,Parking Lot
Go City®,gocity.com,Travel Aggregator
The New York Pass,newyorkpass.com,Travel Aggregator
CheapOair.com,www.cheapoair.com,Travel Agency
CheapOair.com,www.cheapoair.com,Travel Aggregator
Outdoorsy,www.outdoorsy.com,Travel Agency
Outdoorsy,www.outdoorsy.com,Vacation Rental
Outdoorsy,www.outdoorsy.com,Lodging
Outdoorsy,www.outdoorsy.com,RV Dealer
Outdoorsy,www.outdoorsy.com,Recreational Vehicle Rental Agency
Outdoorsy,www.outdoorsy.com,Camp
Bravofly,www.bravofly.com,Flights Search Site
Bravofly,www.bravofly.com,Travel Agency
Bravofly,www.bravofly.com,Car Rental Agency
Bravofly,www.bravofly.com,Car Accessories Store
Bravofly,www.bravofly.com,Hotel
Great Value Vacations,greatvaluevacations.com,Travel Agency
Great Value Vacations,greatvaluevacations.com,Tour Operator
SkyLux Travel,www.skyluxtravel.com,Airline Ticket Agency
SkyLux Travel,www.skyluxtravel.com,Flights Search Site
SkyLux Travel,www.skyluxtravel.com,Travel Agency
EF Educational Tours,www.eftours.com,Tour Agency
EF Educational Tours,www.eftours.com,Travel Agency
TrustedHousesitters,www.trustedhousesitters.com,Travel Agency
TrustedHousesitters,www.trustedhousesitters.com,Pet Store
TrustedHousesitters,www.trustedhousesitters.com,Hobby Store
Flyus.com,flyus.com,Travel Agency
Flyus.com,flyus.com,Flights Search Site
BookIt.com,bookit.com,Hotel
BookIt.com,bookit.com,Flights Search Site
BookIt.com,bookit.com,Travel Agency
BookIt.com,bookit.com,Travel Aggregator
Omio,omio.com,Airline Ticket Agency
Omio,omio.com,Train Ticket Agency
Omio,omio.com,Flights Search Site
Omio,omio.com,Bus Ticket Agency
Vayama.com,www.vayama.com,Flights Search Site
Vayama.com,www.vayama.com,Travel Agency
HomeExchange,www.homeexchange.com,Tourist Attraction
HomeExchange,www.homeexchange.com,Holiday Home
HomeExchange,www.homeexchange.com,Holiday Accommodation Service
HomeExchange,www.homeexchange.com,Self-Catering Accommodation
HomeExchange,www.homeexchange.com,Homestay
HomeExchange,www.homeexchange.com,Lodging
BudgetAir.com,www.budgetair.com,Travel Agency
BudgetAir.com,www.budgetair.com,Flights Search Site
BudgetAir.com,www.budgetair.com,Airline Ticket Agency
BudgetAir.com,www.budgetair.com,Travel Aggregator
BudgetAir.com,www.budgetair.com,Car Rental Agency
RVshare,rvshare.com,Pet-Friendly Accommodation
RVshare,rvshare.com,Vacation Rental
RVshare,rvshare.com,Camp
RVshare,rvshare.com,Lodging
RVshare,rvshare.com,Travel Agency
Airport Van Rental,airportvanrental.com,Travel Agency
Airport Van Rental,airportvanrental.com,Car Accessories Store
Airport Van Rental,airportvanrental.com,Car Rental Agency
Wisecars,www.wisecars.com,Car Rental Agency
Wisecars,www.wisecars.com,Search Engine Company
Wisecars,www.wisecars.com,Travel Agency
Wisecars,www.wisecars.com,Transportation Service
Mozio,www.mozio.com,Travel Aggregator
Mozio,www.mozio.com,Transportation Service
Mozio,www.mozio.com,Travel Agency
Mozio,www.mozio.com,Web Collaboration Platform
Mozio,www.mozio.com,Software Company
Newark Airport Long Term Parking,newarklongtermparking.com,Parking Lot
Newark Airport Long Term Parking,newarklongtermparking.com,Travel Agency
wizzair.com,www.wizzair.com,Travel Agency
wizzair.com,www.wizzair.com,Airline
wizzair.com,www.wizzair.com,Flights Search Site
Vacasa,vacasa.com,Vacation Rental
Vacasa,vacasa.com,Travel Agency
Airbnb,www.airbnb.com,Vacation Rental
QEEQ.COM,qeeq.com,Tourist Attraction
QEEQ.COM,qeeq.com,Travel Insurance Company
QEEQ.COM,qeeq.com,Car Rental Agency
WorldStrides,worldstrides.com,Travel & Vacation
My Transfers,mytransfers.com,Bus and Coach Company
My Transfers,mytransfers.com,Airport Shuttle Service
My Transfers,mytransfers.com,Taxi Service
My Transfers,mytransfers.com,Minibus Taxi Service
parken-und-fliegen,parken-und-fliegen.de,Travel & Vacation
OurBus,ourbus.com,Travel Agency
OurBus,ourbus.com,Bus and Coach Company
OurBus,ourbus.com,Bus Company
OurBus,ourbus.com,Bus Ticket Agency
OurBus,ourbus.com,Bus Charter
CarDelMar,www.cardelmar.com,Travel Agency
CarDelMar,www.cardelmar.com,Car Rental Agency
CarDelMar,www.cardelmar.com,Car Accessories Store
Blue Ridge Mountain Rentals,www.blueridgerentals.com,Vacation Rental
Blue Ridge Mountain Rentals,www.blueridgerentals.com,Vacation Home Rental Agency
Blue Ridge Mountain Rentals,www.blueridgerentals.com,Travel Agency
Globus,globusjourneys.com,Travel Agency
Globus,globusjourneys.com,Tour Operator
Rush My Passport,rushmypassport.com,Travel Agency
Rush My Passport,rushmypassport.com,Passport Office
Rush My Passport,rushmypassport.com,Visa and Passport Office
Rush My Passport,rushmypassport.com,Association or Organization
Rush My Passport,rushmypassport.com,License Bureau
Lufthansa,www.lufthansa.com,Car Accessories Store
Lufthansa,www.lufthansa.com,Airline
Lufthansa,www.lufthansa.com,Flights Search Site
EaseMyTrip,easemytrip.com,Travel Agency
Air Park Laguardia Airport Long Term,airparkparking.com,Travel Agency
Air Park Laguardia Airport Long Term,airparkparking.com,Parking Lot
LatinOFare,latinofare.com,Travel Agency
Expresso Airport Parking,www.expressoparking.com,Parking Lot
Expresso Airport Parking,www.expressoparking.com,Travel Agency
Reservation Desk,reservationdesk.com,Travel Agency
Mango Tours,www.mangotours.com,Flights Search Site
Mango Tours,www.mangotours.com,Travel Agency
CheapAir.com,www.cheapair.com,Airline Ticket Agency
CheapAir.com,www.cheapair.com,Travel Aggregator
CheapAir.com,www.cheapair.com,Flights Search Site
CheapAir.com,www.cheapair.com,Travel Agency
Passports and Visas.com,www.passportsandvisas.com,Travel Agency
Passports and Visas.com,www.passportsandvisas.com,Visa and Passport Office
Passports and Visas.com,www.passportsandvisas.com,Visa Consultant
Passports and Visas.com,www.passportsandvisas.com,Passport Office
Transavia,www.transavia.com,Travel Agency
Transavia,www.transavia.com,Flights Search Site
Transavia,www.transavia.com,Airline
CheapFlightNow.com,cheapflightnow.com,Travel & Vacation
Greyhound Bus,www.greyhound.com,Travel Agency
Greyhound Bus,www.greyhound.com,Bus Company
GalaHotels.com,www.galahotels.com,Travel Agency
GalaHotels.com,www.galahotels.com,Hotel
GalaHotels.com,www.galahotels.com,Travel Aggregator
Getaroom.com,getaroom.com,Travel Aggregator
HotelsOne,www.hotelsone.com,Hotel
HotelsOne,www.hotelsone.com,Travel Agency
Hotels.com,www.hotels.com,Travel Agency
Hotels.com,www.hotels.com,Hotel
FlyDealFare.com,www.flydealfare.com,Travel Agency
FlyDealFare.com,www.flydealfare.com,Flights Search Site
Business-Class.com,business-class.com,Travel Agency
Business-Class.com,business-class.com,Flights Search Site
Business-Class.com,business-class.com,Airline Ticket Agency
Indian Eagle,indianeagle.com,Travel Agency
Indian Eagle,indianeagle.com,Flights Search Site
Expedia,www.expedia.com,Travel Aggregator
Expedia,www.expedia.com,Travel Agency
FareObuddy,fareobuddy.com,Travel Agency
Travelopod,travelopod.com,Travel Agency
Travelopod,travelopod.com,Flights Search Site
Travelopod,travelopod.com,Cultural Tours Provider
Sky-Tours,www.sky-tours.com,Flights Search Site
Sky-Tours,www.sky-tours.com,Travel Agency
Sky-Tours,www.sky-tours.com,Tour Operator
Direct Line Cruises,directlinecruises.com,Cruise Travel Agency
Direct Line Cruises,directlinecruises.com,Travel Agency
Direct Line Cruises,directlinecruises.com,Cruise Agency
Ovago,ovago.com,Travel Aggregator
Ovago,ovago.com,Flights Search Site
Ovago,ovago.com,Airline Ticket Agency
Ovago,ovago.com,Travel Agency
Ovago,ovago.com,Hotel
ExploreTrip,exploretrip.com,Travel Agency
ExploreTrip,exploretrip.com,Flights Search Site
ExploreTrip,exploretrip.com,Travel Aggregator
Traveluro.com,splittytravel.com,Travel Agency
Traveluro.com,splittytravel.com,Hotel
Traveluro.com,splittytravel.com,Travel Aggregator
CheapFlightsFares,cheapflightsfares.com,Travel Agency
Onestopparking.com,onestopparking.com,Travel Agency
Onestopparking.com,onestopparking.com,Parking Lot
Maya Mobile,maya.net,Telecommunications Service Provider
Maya Mobile,maya.net,Mobile Network Operator
Maya Mobile,maya.net,Travel Aggregator
Park Ride Fly USA,parkrideflyusa.com,Airport Shuttle Service
Jiffy Airport Parking - Newark,jiffynewark.com,Airport Shuttle Service
Extranomical Tours,www.extranomical.com,Travel Agency
Extranomical Tours,www.extranomical.com,Tour Operator
Rightway Parking,rightwayparking.com,Parking Garage
Rightway Parking,rightwayparking.com,Valet Parking Service
Rightway Parking,rightwayparking.com,Public Parking Space
Rightway Parking,rightwayparking.com,Parking Lot
Rightway Parking,rightwayparking.com,Cruise Travel Agency
Rightway Parking,rightwayparking.com,Travel Aggregator
Travelocity,www.travelocity.com,Travel Aggregator
Travelocity,www.travelocity.com,Travel Agency
VFS GLOBAL SERVICES PRIVATE LIMITED,vfsglobal.co.uk,Visa and Passport Office
VFS GLOBAL SERVICES PRIVATE LIMITED,vfsglobal.co.uk,Visa Consultant
Lyft,www.lyft.com,Travel Agency
Lyft,www.lyft.com,Taxi Service
Big Bear Cool Cabins,bigbearcoolcabins.com,Travel Agency
Big Bear Cool Cabins,bigbearcoolcabins.com,Vacation Rental
Spot Pet Insurance,spotpet.com,Pet-Friendly Accommodation
Spot Pet Insurance,spotpet.com,Pet Insurance Company
Spot Pet Insurance,spotpet.com,Insurance Company
Spot Pet Insurance,spotpet.com,Emergency Veterinarian Service
Spot Pet Insurance,spotpet.com,Veterinarian
Fly Away Airport Parking,flyawayparking.com,Parking Lot
Fly Away Airport Parking,flyawayparking.com,Travel Agency
Dayuse.com,dayuse.com,Hotel
Dayuse.com,dayuse.com,Travel Agency
Visit A City,visitacity.com,Travel Agency
WowFare,wowfare.com,Hotel
WowFare,wowfare.com,Airline Ticket Agency
WowFare,wowfare.com,Travel Agency
WowFare,wowfare.com,Flights Search Site
RedAwning Vacation Rentals,redawning.com,Vacation Rental
RedAwning Vacation Rentals,redawning.com,Holiday Accommodation Service
RedAwning Vacation Rentals,redawning.com,Vacation Home Rental Agency
RedAwning Vacation Rentals,redawning.com,Lodging
RedAwning Vacation Rentals,redawning.com,Short Term Apartment Rental Agency
RedAwning Vacation Rentals,redawning.com,Condominium Rental Agency
Elife,www.elifelimo.com,Airport Shuttle Service
Elife,www.elifelimo.com,Limousine Service
Elife,www.elifelimo.com,Taxi Service
Elife,www.elifelimo.com,Transportation Service
Elife,www.elifelimo.com,Bus and Coach Company
Kingdom Strollers,kingdomstrollers.com,Vacation Rental
My Tickets To India,myticketstoindia.com,Travel Agency
My Tickets To India,myticketstoindia.com,Flights Search Site
Shore Excursions Group,shoreexcursionsgroup.com,Tour Operator
Shore Excursions Group,shoreexcursionsgroup.com,Tour Agency
Shore Excursions Group,shoreexcursionsgroup.com,Cultural Tours Provider
Shore Excursions Group,shoreexcursionsgroup.com,Sightseeing Tour Agency
Shore Excursions Group,shoreexcursionsgroup.com,Travel Agency
CityPASS®,www.citypass.com,Sightseeing Tour Agency
VisitorsCoverage Inc.,visitorscoverage.com,Travel Insurance Company
VisitorsCoverage Inc.,visitorscoverage.com,Travel Agency
Passport Visas Express.com,passportvisasexpress.com,Visa Consultant
Passport Visas Express.com,passportvisasexpress.com,Travel Agency
Passport Visas Express.com,passportvisasexpress.com,Passport Photo Processor
Passport Visas Express.com,passportvisasexpress.com,Visa and Passport Office
Passport Visas Express.com,passportvisasexpress.com,Passport Office
Rail Ninja,rail.ninja,Travel Agency
Rail Ninja,rail.ninja,Train Ticket Agency
RedWeek,www.redweek.com,Vacation Rental
RedWeek,www.redweek.com,Travel Agency
BookOnline,bookonline.com,Travel Aggregator
Flex Pay (formerly Uplift),uplift.com,Travel & Vacation
Justairticket,justairticket.com,Travel Agency
Hop2.com,hop2.com,Travel Agency
Hop2.com,hop2.com,Flights Search Site
Hop2.com,hop2.com,Airline Ticket Agency
ResortPass,resortpass.com,Resort
ResortPass,resortpass.com,Luxury Hotel
ResortPass,resortpass.com,Day Spa
ResortPass,resortpass.com,Spa Resort
ResortPass,resortpass.com,Online Marketplace
ResortPass,resortpass.com,Travel Aggregator
HotelPlanner.com,www.hotelplanner.com,Travel Agency
Travelopick,travelopick.com,Airline Ticket Agency
Travelopick,travelopick.com,Travel Agency
Hipcamp,www.hipcamp.com,Travel Agency
Hipcamp,www.hipcamp.com,Self-Catering Accommodation
Hipcamp,www.hipcamp.com,Holiday Accommodation Service
Hipcamp,www.hipcamp.com,Lodging
Hipcamp,www.hipcamp.com,Pet-Friendly Accommodation
Hipcamp,www.hipcamp.com,Vacation Rental
American Cruise Lines,americancruiselines.com,Cruise Line Company
Red Beam Garage,redbeamgarage.com,Parking Lot
Red Beam Garage,redbeamgarage.com,Travel Agency
Platypus Tours Limited,platypustours.com,Sightseeing Tour Agency
Platypus Tours Limited,platypustours.com,Bus Tour Agency
Platypus Tours Limited,platypustours.com,Tour Operator
Ski.com,www.ski.com,Travel Agency
Ski.com,www.ski.com,Ski Holidays
GovAssist LLC,govassist.com,Visa Consultant
GovAssist LLC,govassist.com,Consultant
GovAssist LLC,govassist.com,Travel Agency
Maverick Helicopters,www.maverickhelicopter.com,Helicopter Tour Agency
Maverick Helicopters,www.maverickhelicopter.com,Helicopter Charter
Maverick Helicopters,www.maverickhelicopter.com,Tour Operator
Maverick Helicopters,www.maverickhelicopter.com,Wedding Venue
Maverick Helicopters,www.maverickhelicopter.com,Sightseeing Tour Agency
Salzburg Panorama Tours,panoramatours.com,Travel Agency
Salzburg Panorama Tours,panoramatours.com,Tour Operator
Flights Mojo,www.flightsmojo.com,Travel Agency
Flights Mojo,www.flightsmojo.com,Travel Aggregator
Flights Mojo,www.flightsmojo.com,Flights Search Site
Fareboom,fareboom.com,Travel Agency
eSky Travel,esky.com,Travel Agency
Onetravel,www.onetravel.com,Travel Agency
Onetravel,www.onetravel.com,Travel Aggregator
Evolve,evolve.com,Vacation Rental
Vacations By Rail,vacationsbyrail.com,Tour Operator
Hoteling,hoteling.com,Hotel
Hoteling,hoteling.com,Travel Agency
Airparks,airparks.de,Travel & Vacation
Canyon Coolers,canyoncoolers.com,Hobby Store
Canyon Coolers,canyoncoolers.com,Hunting Store
Canyon Coolers,canyoncoolers.com,Camping Store
Canyon Coolers,canyoncoolers.com,Raft Trip Outfitter
Canyon Coolers,canyoncoolers.com,Outdoor Sports Store
Canyon Coolers,canyoncoolers.com,Sportwear Manufacturer
iCruise.com,icruise.com,Travel Agency
iCruise.com,icruise.com,Cruise Agency
Tarifasodeal,tarifasodeal.com,Travel Agency
budgetair.com/en_us,budgetair.com/en_us,Travel Agency
budgetair.com/en_us,budgetair.com/en_us,Airline Ticket Agency
budgetair.com/en_us,budgetair.com/en_us,Travel Aggregator
budgetair.com/en_us,budgetair.com/en_us,Car Rental Agency
budgetair.com/en_us,budgetair.com/en_us,Flights Search Site
Dive Right In Scuba,www.diverightinscuba.com,Sporting Goods Store
Dive Right In Scuba,www.diverightinscuba.com,Recreation Center
Dive Right In Scuba,www.diverightinscuba.com,Indoor Swimming Pool
Dive Right In Scuba,www.diverightinscuba.com,Dive Shop
Dive Right In Scuba,www.diverightinscuba.com,SCUBA Instructor
Dive Right In Scuba,www.diverightinscuba.com,SCUBA Tour Agency
Diamond Resorts,www.diamondresorts.com,Hotel
Diamond Resorts,www.diamondresorts.com,Travel Agency
TurnKey Vacation Rentals,turnkeyvr.com,Travel Agency
TurnKey Vacation Rentals,turnkeyvr.com,Vacation Rental
Qatar Airways,www.qatarairways.com,Flights Search Site
Qatar Airways,www.qatarairways.com,Travel Agency
Qatar Airways,www.qatarairways.com,Airline
Turkish Airlines,www.turkishairlines.com,Travel Agency
Turkish Airlines,www.turkishairlines.com,Flights Search Site
Travel Document Systems,traveldocs.com,Travel Agency
Travoport,travoport.com,Flights Search Site
Travoport,travoport.com,Travel Agency
Luggage Free,luggagefree.com,Travel Agency
BlueSun Vacations,bluesunvacations.com,Travel Agency
BlueSun Vacations,bluesunvacations.com,Flights Search Site
BlueSun Vacations,bluesunvacations.com,Hotel
Fareporto,fareporto.com,Travel Agency
Tripbeam.com,tripbeam.com,Travel Agency
Tripbeam.com,tripbeam.com,Flights Search Site
Sporty's Pilot Shop,sportys.com,Aviation Training Institute
Sporty's Pilot Shop,sportys.com,Aircraft Supply Store
Sporty's Pilot Shop,sportys.com,Electronics Store
Sporty's Pilot Shop,sportys.com,Bags and Luggage Store
Sporty's Pilot Shop,sportys.com,Airport
Mintfares.com,mintfares.com,Travel Agency
Mintfares.com,mintfares.com,Flights Search Site
Vacation Express,vacationexpress.com,Tour Operator
Vacation Express,vacationexpress.com,Travel Agency
Vacation Express,vacationexpress.com,Hotel
Vacation Express,vacationexpress.com,Flights Search Site
Bivvy Pet Insurance,bivvy.com,Insurance Company
Bivvy Pet Insurance,bivvy.com,Emergency Veterinarian Service
Bivvy Pet Insurance,bivvy.com,Pet Insurance Company
Bivvy Pet Insurance,bivvy.com,Animal Shelter
Bivvy Pet Insurance,bivvy.com,Pet-Friendly Accommodation
Bivvy Pet Insurance,bivvy.com,Animal Rescue Service
TAP Portugal,www.flytap.com,Airline
TAP Portugal,www.flytap.com,Flights Search Site
TAP Portugal,www.flytap.com,Travel Agency
Jiffy Airport Parking - JFK,jiffyjfk.com,Parking Lot
Jiffy Airport Parking - JFK,jiffyjfk.com,Travel Agency
Tripadvisor,www.tripadvisor.com,Financial Consultant
Tripadvisor,www.tripadvisor.com,Flights Search Site
Tripadvisor,www.tripadvisor.com,Hotel
Tripadvisor,www.tripadvisor.com,Travel Agency
Tripadvisor,www.tripadvisor.com,Price Comparison Site
AAA,aaa.com,Travel Aggregator
AAA,aaa.com,Tour Operator
AAA,aaa.com,Travel Agency
RedCoach,redcoachusa.com,Bus Charter
RedCoach,redcoachusa.com,Travel Agency
RedCoach,redcoachusa.com,Bus Company
RedCoach,redcoachusa.com,Bus and Coach Company
RedCoach,redcoachusa.com,Transportation Service
Wanderu,www.wanderu.com,Travel Aggregator
Wanderu,www.wanderu.com,Travel Agency
misterb&b,www.misterbandb.com,Vacation Rental
misterb&b,www.misterbandb.com,Travel Agency
Ezee Flights,ezeeflights.com,Travel Agency
Urban Adventure Quest,urbanadventurequest.com,Tour Operator
Urban Adventure Quest,urbanadventurequest.com,Sightseeing Tour Agency
Urban Adventure Quest,urbanadventurequest.com,History Museum
The Sightseeing Pass,sightseeingpass.com,Travel Agency
The Sightseeing Pass,sightseeingpass.com,Travel Aggregator
Booksi,booksi.com,Budget Hotel
Booksi,booksi.com,Vacation Rental
Booksi,booksi.com,Family Hotel
Booksi,booksi.com,Luxury Hotel
Booksi,booksi.com,Travel Aggregator
Booksi,booksi.com,Hotel
Monster Reservations Group,monsterrg.com,Travel & Vacation
THE RIDE NYC,experiencetheride.com,Bus Tour Agency
THE RIDE NYC,experiencetheride.com,Hobby Store
EF Explore America,efexploreamerica.com,Tour Agency
EF Explore America,efexploreamerica.com,Travel Agency
Expertosenvuelo.com,expertosenvuelo.com,Travel Agency
Expertosenvuelo.com,expertosenvuelo.com,Flights Search Site
Expertosenvuelo.com,expertosenvuelo.com,Airline Ticket Agency
Expertosenvuelo.com,expertosenvuelo.com,Tour Operator
CrystalTravel.com,www.crystaltravel.us,Travel Agency
TripInsure101,tripinsure101.com,Insurance Agency
TripInsure101,tripinsure101.com,Travel Agency
TripInsure101,tripinsure101.com,Travel Insurance Company
TripInsure101,tripinsure101.com,Financial Consultant
AranGrant,arangrant.com,Flights Search Site
AranGrant,arangrant.com,Airline Ticket Agency
AranGrant,arangrant.com,Travel Agency
AranGrant,arangrant.com,Hotel
Flycheapestonline,flycheapestonline.com,Flights Search Site
Flycheapestonline,flycheapestonline.com,Tour Operator
Flycheapestonline,flycheapestonline.com,Travel Agency
Flycheapestonline,flycheapestonline.com,Airline Ticket Agency
Harvest Hosts,harvesthosts.com,Travel Agency
RussianTrains.com,russiantrains.com,Travel Agency
RussianTrains.com,russiantrains.com,Train Ticket Agency
Alpha Flight Guru,alphaflightguru.com,Travel Agency
Alpha Flight Guru,alphaflightguru.com,Flights Search Site
Alpha Flight Guru,alphaflightguru.com,Hotel
PIT Stop Parking,www.pitstopparking.com,Travel Agency
PIT Stop Parking,www.pitstopparking.com,Parking Lot
Cheapfaremart,cheapfaremart.com,Travel Agency
Inspirock,inspirock.com,Travel Aggregator
Inspirock,inspirock.com,Software Company
Travel Visa Pro,travelvisapro.com,Association or Organization
Travel Visa Pro,travelvisapro.com,Travel Agency
Travel Visa Pro,travelvisapro.com,Passport Office
Travel Visa Pro,travelvisapro.com,Visa Consultant
Travel Visa Pro,travelvisapro.com,License Bureau
Travel Visa Pro,travelvisapro.com,Visa and Passport Office
Pay Later Travel,paylatertravel.com,Travel Agency
Pay Later Travel,paylatertravel.com,Payment Service
Price 4 Limo,price4limo.com,Travel Agency
Price 4 Limo,price4limo.com,Travel Aggregator
Price 4 Limo,price4limo.com,Bus and Coach Company
Price 4 Limo,price4limo.com,Bus Charter
Price 4 Limo,price4limo.com,Limousine Service
ShipGo,shipgo.com,Serviced Accommodation
MSC Cruises,www.msccruisesusa.com,Cruise Agency
MSC Cruises,www.msccruisesusa.com,Travel Agency
Pegasus Airlines,www.flypgs.com,Travel Agency
Pegasus Airlines,www.flypgs.com,Airline
Pegasus Airlines,www.flypgs.com,Flights Search Site
TripAdvisor,www.tripadvisor.jp,Media Company
TripAdvisor,www.tripadvisor.jp,Travel Agency
TripAdvisor,www.tripadvisor.jp,Price Comparison Site
TripAdvisor,www.tripadvisor.jp,Financial Consultant
TripAdvisor,www.tripadvisor.jp,Flights Search Site
TripAdvisor,www.tripadvisor.jp,Hotel
TripAdvisor,www.tripadvisor.jp,Review Site
Cookly,cookly.me,Travel & Vacation
WebstaurantStore,webstaurantstore.com,Restaurant Supply Store
WebstaurantStore,webstaurantstore.com,Food Products Supplier
WebstaurantStore,webstaurantstore.com,Hotel Supply Store
WebstaurantStore,webstaurantstore.com,Baking Supply Store
WebstaurantStore,webstaurantstore.com,Commercial Refrigeration
WebstaurantStore,webstaurantstore.com,Bar Restaurant Furniture Store
Cosmos,cosmos.com,Travel & Vacation
Affordable World,affordableworld.com,Travel Agency
Affordable World,affordableworld.com,Tour Operator
Landing,hellolanding.com,Pet-Friendly Accommodation
Landing,hellolanding.com,Apartment Building
Landing,hellolanding.com,Furnished Apartment Building
Big Bus Tours Washington DC,bigbustours.com/washington,Tour Operator
Big Bus Tours Washington DC,bigbustours.com/washington,Travel Agency
Travelation,travelation.com,Airline Ticket Agency
Nustay,nustay.com,Hotel
Nustay,nustay.com,Travel Agency
TopBusinessClass,topbusinessclass.com,Airline Ticket Agency
TopBusinessClass,topbusinessclass.com,Flights Search Site
TopBusinessClass,topbusinessclass.com,Travel Agency
Park 'N Fly (USA),pnf.com,Travel & Vacation
AffordableTours.com,affordabletours.com,Travel Agency
AffordableTours.com,affordabletours.com,Cultural Tours Provider
AffordableTours.com,affordabletours.com,Cruise Agency
AffordableTours.com,affordabletours.com,Travel Aggregator
Flyodeals,flyodeals.com,Travel Agency
Flyodeals,flyodeals.com,Flights Search Site
Flyodeals,flyodeals.com,Travel Aggregator
Flyodeals,flyodeals.com,Airline Ticket Agency
Flights Channel LLC,flightschannel.com,Travel Agency
Foggyfly,foggyfly.com,Travel Agency
Carolina Retreats,carolinaretreats.com,Vacation Rental
Carolina Retreats,carolinaretreats.com,Travel Agency
Lookbyfare,lookbyfare.com,Travel Agency
Moment,shopmoment.com,Class
Moment,shopmoment.com,Tour Operator
Moment,shopmoment.com,Camera Store
Moment,shopmoment.com,Electronics Store
Moment,shopmoment.com,Cell Phone Accessory Store
Moment,shopmoment.com,Photo Shop
Enchanting Travels,enchantingtravels.com,Tour Agency
Enchanting Travels,enchantingtravels.com,Tour Operator
Limehome,limehome.com,Vacation Rental
Limehome,limehome.com,Holiday Apartment Rental
Limehome,limehome.com,Hotel
Limehome,limehome.com,Holiday Accommodation Service
Limehome,limehome.com,Holiday Apartment
Limehome,limehome.com,Vacation Home Rental Agency
Ship Skis,shipskis.com,Travel Agency
Ship Skis,shipskis.com,Ski Holidays
American Airlines,www.aa.com,Flights Search Site
American Airlines,www.aa.com,Travel Agency
American Airlines,www.aa.com,Airline
CruiseDirect,cruisedirect.com,Cruise Travel Agency
CruiseDirect,cruisedirect.com,Cruise Agency
Sun Realty,sunrealtync.com,Vacation Home Rental Agency
Sun Realty,sunrealtync.com,Vacation Rental
Sun Realty,sunrealtync.com,Real Estate Agency
Sun Realty,sunrealtync.com,Property Management Company
TravelBusinessClass,travelbusinessclass.com,Travel Agency
TravelBusinessClass,travelbusinessclass.com,Flights Search Site
TravelBusinessClass,travelbusinessclass.com,Airline Ticket Agency
Costa Rican Vacations,www.vacationscostarica.com,Travel Agency
Bestairfares,www.bestairfares.com,Travel Agency
Cunard Line,www.cunard.com,Cruise Line Company
Traveljunctionus,traveljunctionus.com,Travel Agency
lastfaredeals,lastfaredeals.com,Cruise Travel Agency
lastfaredeals,lastfaredeals.com,Flights Search Site
lastfaredeals,lastfaredeals.com,Travel Agency
Flybackindia.com,flybackindia.com,Travel Agency
Five Star Properties and Bliss Beach Rentals,fivestargulfrentals.com,Travel Agency
Five Star Properties and Bliss Beach Rentals,fivestargulfrentals.com,Vacation Rental
ViajarAlmundo.com,viajaralmundo.com,Airline Ticket Agency
ViajarAlmundo.com,viajaralmundo.com,Travel Agency
Fat Tire Tours,www.fattiretours.com,Travel Agency
Fat Tire Tours,www.fattiretours.com,Tour Operator
Fareshope,fareshope.com,Flights Search Site
Fareshope,fareshope.com,Tour Operator
Fareshope,fareshope.com,Airline Ticket Agency
Fareshope,fareshope.com,Travel Agency
YMT Vacations,ymtvacations.com,Tour Operator
Lodgify,lodgify.com,Software Company
Lodgify,lodgify.com,Vacation Rental
Lodgify,lodgify.com,Holiday Accommodation Service
Lodgify,lodgify.com,Business to Business Service
Kauai Exclusive Management,www.kauaiexclusive.com,Vacation Rental
Kauai Exclusive Management,www.kauaiexclusive.com,Travel Agency
Austrian Airlines,www.austrian.com,Travel Aggregator
Austrian Airlines,www.austrian.com,Tour Operator
Austrian Airlines,www.austrian.com,Airline
Austrian Airlines,www.austrian.com,Flights Search Site
Austrian Airlines,www.austrian.com,Travel Agency
unitedairportparking.com,unitedairportparking.com,Travel Agency
unitedairportparking.com,unitedairportparking.com,Parking Lot
Cheapticketsdeal,cheapticketsdeal.com,Travel Agency
Chatdeal,chatdeal.com,Travel Agency
RushPassport.com,rushpassport.com,Travel Agency
RushPassport.com,rushpassport.com,Visa and Passport Office
iFlyBusiness,iflybusiness.com,Travel Agency
iFlyBusiness,iflybusiness.com,Flights Search Site
iFlyBusiness,iflybusiness.com,Airline Ticket Agency
Let's Roam,letsroam.com,Cultural Tours Provider
Let's Roam,letsroam.com,Tour Operator
Arch RoamRight,www.roamright.com,Travel Insurance Company
Arch RoamRight,www.roamright.com,Travel Agency
SpareRoom,spareroom.com,Lodging
SpareRoom,spareroom.com,Condominium Rental Agency
inCruises,www.incruises.com,Travel Aggregator
inCruises,www.incruises.com,Business Networking Company
Natural Habitat Adventures,nathab.com,Travel Agency
Natural Habitat Adventures,nathab.com,Tour Agency
Natural Habitat Adventures,nathab.com,Tour Operator
The Tour Guy,thetourguy.com,Travel Agency
The Tour Guy,thetourguy.com,Tour Operator
Gurufare,gurufare.com,Flights Search Site
Gurufare,gurufare.com,Tour Agency
Gurufare,gurufare.com,Travel Agency
Gurufare,gurufare.com,Airline Ticket Agency
Travelcation,travelcation.us,Travel Agency
FlyoPedia,www.flyopedia.com,Flights Search Site
FlyoPedia,www.flyopedia.com,Travel Agency
Edestinos,edestinos.com.mx,Travel & Vacation
Explorica US,explorica.com,Travel Agency
Explorica US,explorica.com,Tour Operator
Bounce Luggage Storage,usebounce.com,Travel & Vacation
Kensington,kensingtontours.com,Tour Operator
Kensington,kensingtontours.com,Travel Agency
MexiPass International Insurance Services,www.mexipass.com,Travel Agency
MexiPass International Insurance Services,www.mexipass.com,Insurance Agency
MexiPass International Insurance Services,www.mexipass.com,Insurance Broker
MexiPass International Insurance Services,www.mexipass.com,Travel Insurance Company
AvantStay,avantstay.com,Vacation Rental
MidwayParkRideFly,midwayprf.com,Travel & Vacation
Avalon Waterways,avalonwaterways.com,Travel & Vacation
Booking Bargains,bookingbargains.com,Travel & Vacation
VacationOffer.com,vacationoffer.com,Travel Agency
United Airlines,united-airlines.com,Flights Search Site
United Airlines,united-airlines.com,Airline
Aegean Airlines,aegeanair.com,Travel Agency
Aegean Airlines,aegeanair.com,Flights Search Site
Aegean Airlines,aegeanair.com,Travel Aggregator
Peru For Less,peruforless.com,Tour Operator
Peru For Less,peruforless.com,Tour Agency
Peru For Less,peruforless.com,Travel Agency
Pilgrim Tours,pilgrimtours.com,Travel Agency
Pilgrim Tours,pilgrimtours.com,Tour Operator
Fare Buzz,farebuzz.com,Travel Aggregator
Fare Buzz,farebuzz.com,Travel Agency
AirBusinessClass,www.airbusinessclass.com,Airline Ticket Agency
AirBusinessClass,www.airbusinessclass.com,Travel Agency
Zicasso,www.zicasso.com,Travel Agency
Zicasso,www.zicasso.com,Cultural Tours Provider
Boatsetter,www.boatsetter.com,Boat Rental Service
Boatsetter,www.boatsetter.com,Travel Agency
Boatsetter,www.boatsetter.com,Yacht Broker
Boatsetter,www.boatsetter.com,Fishing Charter
Boatsetter,www.boatsetter.com,Online Marketplace
American Patriot Getaways,patriotgetaways.com,Vacation Rental
American Patriot Getaways,patriotgetaways.com,Travel Agency
Top Villas,thetopvillas.com,Vacation Rental
MyFlightSearch,www.myflightsearch.com,Flights Search Site
MyFlightSearch,www.myflightsearch.com,Hotel
MyFlightSearch,www.myflightsearch.com,Travel Agency
Aviator Gear,aviatorgear.com,Car Accessories Store
Aviator Gear,aviatorgear.com,Airline
Adventures on the Gorge,adventuresonthegorge.com,Travel Agency
Delta Air Lines,www.delta.com,Flights Search Site
Delta Air Lines,www.delta.com,Travel Aggregator
Delta Air Lines,www.delta.com,Travel Agency
Tripsta,tripsta.com,Travel & Vacation
Travelo1,travelo1.com,Travel Agency
Travelo1,travelo1.com,Flights Search Site
Redeem Vacations,redeemvacations.com,Travel Aggregator
Flight Trotters✈️,flighttrotters.co.uk,Travel & Vacation
SnowPak,www.snowpak.com,Travel Agency
SnowPak,www.snowpak.com,Ski Holidays
skypark.com,www.skypark.com,Parking Lot
skypark.com,www.skypark.com,Travel Agency
Travel Defenders,traveldefenders.com,Travel Insurance Company
Travel Defenders,traveldefenders.com,Insurance Agency
Travel Defenders,traveldefenders.com,Financial Consultant
Travel Defenders,traveldefenders.com,Travel Agency
Faretrolley,faretrolley.com,Hotel
Faretrolley,faretrolley.com,Airline Ticket Agency
Faretrolley,faretrolley.com,Bed & Breakfast
@hotel,athotel.com,Travel Agency
Royal Air Maroc,www.royalairmaroc.com,Airline
Royal Air Maroc,www.royalairmaroc.com,Flights Search Site
Royal Air Maroc,www.royalairmaroc.com,Travel Agency
Altostravel,altostravel.com,Flights Search Site
Infinity Travels,theinfinitytravel.com,Travel Agency
Infinity Travels,theinfinitytravel.com,Flights Search Site
Infinity Travels,theinfinitytravel.com,Airline Ticket Agency
Edestinos,edestinos.cl,Travel & Vacation
LATAM Airlines,www.latam.com,Flights Search Site
LATAM Airlines,www.latam.com,Tour Operator
LATAM Airlines,www.latam.com,Travel Agency
LATAM Airlines,www.latam.com,Travel Aggregator
AirAdvisor,www.airadvisor.com,Flights Search Site
AirAdvisor,www.airadvisor.com,Travel Agency
Farehutz,farehutz.us,Airline Ticket Agency
Business Skies,business-skies.com,Airline Ticket Agency
Beach Reunion,beachreunion.com,Travel Agency
Beach Reunion,beachreunion.com,Vacation Rental
Blueground,www.theblueground.com,Real Estate Agency
Blueground,www.theblueground.com,Travel Agency
Blueground,www.theblueground.com,Furniture Store
Flightsbank,www.flightsbank.com,Travel Agency
Avianca,avianca.com,Flights Search Site
Avianca,avianca.com,Travel Agency
Avianca,avianca.com,Airline
HandyVisas,handyvisas.com,Visa Consultant
Reservations.com,reservations.com,Hotel
Reservations.com,reservations.com,Travel Agency
Reservations.com,reservations.com,Travel Aggregator
Flight Centre Independent,flightcentreindependent.co.za,Airline Ticket Agency
Flight Centre Independent,flightcentreindependent.co.za,Cruise Travel Agency
Flight Centre Independent,flightcentreindependent.co.za,Travel Aggregator
Flight Centre Independent,flightcentreindependent.co.za,Travel Agency
Fare To India,faretoindia.com,Travel Agency
Fare To India,faretoindia.com,Flights Search Site
Fare To India,faretoindia.com,Airline Ticket Agency
SKYWITHCLASS,skywithclass.com,Travel Agency
SKYWITHCLASS,skywithclass.com,Airline Ticket Agency
SKYWITHCLASS,skywithclass.com,Flights Search Site
Tripfur,tripfur.com,Travel Agency
Tripfur,tripfur.com,Flights Search Site
mauiactivities.com,www.mauiactivities.com,Travel Aggregator
mauiactivities.com,www.mauiactivities.com,Travel Agency
mauiactivities.com,www.mauiactivities.com,Tour Agency
Portugal Getaways,portugalgetaways.com,Travel Agency
Travel Advantage,www.traveladvantage.com,Travel Agency
Makemytrip,www.makemytrip.com,Travel Agency
HomeToGo,hometogo.com,Travel Agency
UTOvacation,utovacation.com,Travel Agency
UTOvacation,utovacation.com,Tour Agency
UTOvacation,utovacation.com,Tour Operator
UTOvacation,utovacation.com,Cultural Tours Provider
UTOvacation,utovacation.com,Visa and Passport Office
Traveler Assistance Services,www.traveler-assistance.com,Travel Agency
Traveler Assistance Services,www.traveler-assistance.com,Travel Insurance Company
Furnished Quarters,furnishedquarters.com,Travel Agency
Furnished Quarters,furnishedquarters.com,Vacation Rental
Airbnb,www.airbnb.co.uk,Vacation Rental
Twiddy & Company,twiddy.com,Travel & Vacation
Skipper (formerly Jetaport),hiskipper.com,Travel Agency
LIVELY,wearlively.com,Lingerie Store
LIVELY,wearlively.com,Underwear Store
LIVELY,wearlively.com,Lounge
LIVELY,wearlively.com,Women's Clothing Store
LIVELY,wearlively.com,Activewear Store
Holidu,holidu.co.uk,Travel & Vacation
Frontier Airlines,flyfrontier.com,Travel Agency
Frontier Airlines,flyfrontier.com,Flights Search Site
Jettly,jettly.com,Travel Agency
Anywhere.com,anywhere.com,Tour Operator
Anywhere.com,anywhere.com,Tour Agency
Anywhere.com,anywhere.com,Travel Agency
Anywhere.com,anywhere.com,Travel Aggregator
Cheapbestfares,www.cheapbestfares.com,Airline Ticket Agency
Rockymountaingetaways,www.rockymountaingetaways.com,Tour Agency
Rockymountaingetaways,www.rockymountaingetaways.com,Sport Tour Agency
Rockymountaingetaways,www.rockymountaingetaways.com,Travel Agency
Rockymountaingetaways,www.rockymountaingetaways.com,Ski Holidays
Rockymountaingetaways,www.rockymountaingetaways.com,Vacation Rental
Rockymountaingetaways,www.rockymountaingetaways.com,Vacation Home Rental Agency
Brett/Robinson Vacation Rentals,brett-robinson.com,Travel Agency
Brett/Robinson Vacation Rentals,brett-robinson.com,Vacation Rental
5 Star Helicopter Tours,5starhelicoptertours.com,Travel Agency
5 Star Helicopter Tours,5starhelicoptertours.com,Tour Operator
Limos 4 Less,limos4less.com,Airport Shuttle Service
Limos 4 Less,limos4less.com,Transportation Service
Limos 4 Less,limos4less.com,Limousine Service
Limos 4 Less,limos4less.com,Car Service
Tripster,tripster.com,Travel Agency
bookmyairtravel.com,bookmyairtravel.com,Airline Ticket Agency
bookmyairtravel.com,bookmyairtravel.com,Travel Agency
Mountain High,mthigh.com,Travel Agency
Mountain High,mthigh.com,Ski Holidays
Holafares,holafares.com,Travel & Vacation
US Ghost Adventures,usghostadventures.com,Tour Operator
US Ghost Adventures,usghostadventures.com,Bed & Breakfast
US Ghost Adventures,usghostadventures.com,Haunted House
Peony Tours,peonytours.com,Tour Operator
Olotels.com,olotels.com,Hotel
Olotels.com,olotels.com,Travel Agency
hotelvalue.com,hotelvalue.com,Travel Agency
hotelvalue.com,hotelvalue.com,Travel Aggregator
hotelvalue.com,hotelvalue.com,Vacation Rental
hotelvalue.com,hotelvalue.com,Hotel
Orbitz,www.orbitz.com,Travel Agency
kimkim,kimkim.com,Travel Agency
kimkim,kimkim.com,Tour Operator
WestJet,www.westjet.com,Airline Ticket Agency
WestJet,www.westjet.com,Travel Agency
WestJet,www.westjet.com,Flights Search Site
VFS Global,visa.vfsglobal.com,Travel Agency
Cash For My Miles,cashformymiles.com,Travel Agency
Cash For My Miles,cashformymiles.com,Flights Search Site
Business Class Consolidator,businessclassconsolidator.com,Travel Agency
Business Class Consolidator,businessclassconsolidator.com,Flights Search Site
Firebird Tours,firebirdtours.com,Cultural Tours Provider
Firebird Tours,firebirdtours.com,Tour Operator
Firebird Tours,firebirdtours.com,Travel Agency
Timeshares Only,timesharesonly.com,Timeshare Agency
Big Bear Vacations,bigbearvacations.com,Cabin Rental Agency
Big Bear Vacations,bigbearvacations.com,Vacation Home Rental Agency
Big Bear Vacations,bigbearvacations.com,Vacation Rental
Big Bear Vacations,bigbearvacations.com,Property Management Company
Big Bear Vacations,bigbearvacations.com,Mountain Cabin
Big Bear Vacations,bigbearvacations.com,Log Cabins
Auntie Belhams Cabin Rentals,auntiebelhams.com,Vacation Rental
Auntie Belhams Cabin Rentals,auntiebelhams.com,Travel Agency
Jetstar,jetstar.com,Airline
Jetstar,jetstar.com,Flights Search Site
Jetstar,jetstar.com,Travel Agency
HotelWiz,hotelwiz.com,Travel & Vacation
SkyAuction,skyauction.com,Hotel
SkyAuction,skyauction.com,Travel Agency
SkyAuction,skyauction.com,Cruise Agency
SkyAuction,skyauction.com,Vacation Rental
Spirit Airlines,www.spirit.com,Flights Search Site
Spirit Airlines,www.spirit.com,Travel Agency
Furnished Finder,www.furnishedfinder.com,Vacation Home Rental Agency
Furnished Finder,www.furnishedfinder.com,Furnished Apartment Building
Furnished Finder,www.furnishedfinder.com,Short Term Apartment Rental Agency
Furnished Finder,www.furnishedfinder.com,Apartment Rental Agency
Furnished Finder,www.furnishedfinder.com,Holiday Apartment Rental
BuyBusinessClass,buybusinessclass.com,Flights Search Site
BuyBusinessClass,buybusinessclass.com,Travel Agency
BuyBusinessClass,buybusinessclass.com,Airline Ticket Agency
The Lodging Company,lodgingcompany.com,Travel Agency
The Lodging Company,lodgingcompany.com,Hotel
The Lodging Company,lodgingcompany.com,Travel Insurance Company
The Lodging Company,lodgingcompany.com,Tour Operator
The Lodging Company,lodgingcompany.com,Ski Holidays
The Lodging Company,lodgingcompany.com,Vacation Rental
The Lodging Company,lodgingcompany.com,Cottage
Cabify,cabify.com,Taxi Service
Cabify,cabify.com,Travel Agency
Cabify,cabify.com,Transportation Service
People Like Us Home Exchange,peoplelikeus.world,Homestay
SA Expeditions,saexpeditions.com,Travel Agency
SA Expeditions,saexpeditions.com,Tour Operator
SA Expeditions,saexpeditions.com,Cruise Travel Agency
SA Expeditions,saexpeditions.com,Cruise Agency
SA Expeditions,saexpeditions.com,Tour Agency
SA Expeditions,saexpeditions.com,Cultural Tours Provider
Condominium Rentals Hawaii,crhmaui.com,Vacation Rental
Condominium Rentals Hawaii,crhmaui.com,Travel Agency
Norwegian Cruise Line,www.ncl.com,Tour Operator
Norwegian Cruise Line,www.ncl.com,Cruise Agency
Norwegian Cruise Line,www.ncl.com,Travel Agency
Norwegian Cruise Line,www.ncl.com,Cruise Travel Agency
FTLO Travel,ftlotravel.com,Tour Operator
Click2Book.us,click2book.us,Travel Agency
TS TOURS LLC,tripshock.com,Travel Agency
Skybooker,skybooker.com,Flights Search Site
Skybooker,skybooker.com,Travel Agency
Driverinrome Tours and Transportation,driverinrome.com,Travel Agency
Driverinrome Tours and Transportation,driverinrome.com,Tour Operator
Driverinrome Tours and Transportation,driverinrome.com,Limousine Service
Driverinrome Tours and Transportation,driverinrome.com,Port Operating Company
Driverinrome Tours and Transportation,driverinrome.com,Sightseeing Tour Agency
Driverinrome Tours and Transportation,driverinrome.com,Transportation Service
CheapDealsFare,cheapdealsfare.com,Travel Agency
Golf Trek,www.yourgolfpackage.com,Travel Agency
"Visitors Insurance - Community Insurance Agency, Inc.",www.visitorsinsurance.com,Travel Agency
"Visitors Insurance - Community Insurance Agency, Inc.",www.visitorsinsurance.com,Life Insurance Agency
"Visitors Insurance - Community Insurance Agency, Inc.",www.visitorsinsurance.com,Health Insurance Agency
"Visitors Insurance - Community Insurance Agency, Inc.",www.visitorsinsurance.com,Travel Insurance Company
"Visitors Insurance - Community Insurance Agency, Inc.",www.visitorsinsurance.com,Insurance Broker
"Visitors Insurance - Community Insurance Agency, Inc.",www.visitorsinsurance.com,Insurance Agency
Singapore Airlines,www.singaporeair.com,Travel Agency
Singapore Airlines,www.singaporeair.com,Airline
Singapore Airlines,www.singaporeair.com,Flights Search Site
Hotflightdeals,hotflightdeals.com,Travel Agency
Royal Caribbean Cruises,www.royalcaribbean.com,Travel Agency
Royal Caribbean Cruises,www.royalcaribbean.com,Tour Operator
Royal Caribbean Cruises,www.royalcaribbean.com,Cruise Agency
Travolie,travolie.com,Travel Agency
360 Blue,www.360blue.com,Vacation Home Rental Agency
360 Blue,www.360blue.com,Vacation Rental
Thai Airways International,www.thaiairways.com,Travel Agency
Thai Airways International,www.thaiairways.com,Car Accessories Store
Thai Airways International,www.thaiairways.com,Flights Search Site
Thai Airways International,www.thaiairways.com,Airline
Knack Bags,knackbags.com,Regional Airport
Knack Bags,knackbags.com,Airline
Knack Bags,knackbags.com,Bags and Luggage Store
Knack Bags,knackbags.com,Luggage Store
Knack Bags,knackbags.com,Business Hotel
Knack Bags,knackbags.com,International Airport
Virgin Voyages,virginvoyages.com,Cruise Agency
My Fly Yatra,myflyyatra.com,Travel Agency
My Fly Yatra,myflyyatra.com,Flights Search Site
The Wildland Trekking Company,wildlandtrekking.com,Travel Agency
The Wildland Trekking Company,wildlandtrekking.com,Tour Operator
Monarch Air Group,monarchairgroup.com,Airline
Monarch Air Group,monarchairgroup.com,Car Accessories Store
Pavlus Travel,pavlus.com,Tour Agency
Pavlus Travel,pavlus.com,Cruise Travel Agency
Pavlus Travel,pavlus.com,Travel Agency
Pavlus Travel,pavlus.com,Cruise Agency
VILLATEL,villatel.com,Vacation Rental
Five Star Alliance,fivestaralliance.com,Hotel
Five Star Alliance,fivestaralliance.com,Luxury Hotel
Five Star Alliance,fivestaralliance.com,Travel Agency
Five Star Alliance,fivestaralliance.com,Cruise Agency
Five Star Alliance,fivestaralliance.com,Travel Aggregator
EasyETA.com,easyeta.com,License Bureau
EasyETA.com,easyeta.com,Association or Organization
EasyETA.com,easyeta.com,Travel Agency
JetBlue Airways,jetblue.com,Travel Agency
JetBlue Airways,jetblue.com,Flights Search Site
Flightmover,flightmover.com,Travel Agency
Flightmover,flightmover.com,Airline Ticket Agency
Travel Hunt Group LLC,www.bargainairticket.com,Flights Search Site
Travel Hunt Group LLC,www.bargainairticket.com,Travel Aggregator
The Miles Market,themilesmarket.com,Travel Agency
Irish Tourism,irishtourism.com,Travel Agency
Irish Tourism,irishtourism.com,Tour Operator
Irish Tourism,irishtourism.com,Hotel
SWOODOO,swoodoo.com,Travel & Vacation
Online Vacation Center,onlinevacationcenter.com,Cruise Travel Agency
Online Vacation Center,onlinevacationcenter.com,Travel Agency
VacationVIP.com,vacationvip.com,Hotel
VacationVIP.com,vacationvip.com,Family Hotel
VacationVIP.com,vacationvip.com,Travel Agency
VacationVIP.com,vacationvip.com,Travel Aggregator
VacationVIP.com,vacationvip.com,Resort
VacationVIP.com,vacationvip.com,Budget Hotel
goSeek,goseek.com,Travel Agency
goSeek,goseek.com,Hotel
goSeek,goseek.com,Financial Consultant
goSeek,goseek.com,Price Comparison Site
Bonzah.com,bonzah.com,Car Rental Agency
Bonzah.com,bonzah.com,Travel Agency
Bonzah.com,bonzah.com,Travel Insurance Company
Bonzah.com,bonzah.com,Van Rental Agency
Bonzah.com,bonzah.com,Liability Insurance Company
Bonzah.com,bonzah.com,Car Sharing Location
Above9 Travel,above9.travel,Travel Agency
Above9 Travel,above9.travel,Flights Search Site
Above9 Travel,above9.travel,Airline Ticket Agency
Wholesale Flights Inc,wholesale-flights.com,Airline Ticket Agency
Flightforall,www.flightforall.com,Airline
Flightforall,www.flightforall.com,Car Accessories Store
HawaiiTours.com,hawaiitours.com,Tour Operator
HawaiiTours.com,hawaiitours.com,Sightseeing Tour Agency
HawaiiTours.com,hawaiitours.com,Bus Tour Agency
HawaiiTours.com,hawaiitours.com,Travel Agency
HawaiiTours.com,hawaiitours.com,Cultural Tours Provider
HawaiiTours.com,hawaiitours.com,Tour Agency
Casablanca Express,casablancaexpress.com,Travel Agency
Cook Travel,www.cooktravel.net,Travel Agency
Cook Travel,www.cooktravel.net,Flights Search Site
Oregon Beach Vacations,oregonbeachvacations.com,Travel & Vacation
Southern Explorations,southernexplorations.com,Travel Agency
Southern Explorations,southernexplorations.com,Tour Operator
Egencia,www.egencia.com,Travel Agency
Egencia,www.egencia.com,Business to Business Service
Egencia,www.egencia.com,Travel Aggregator
Egencia,www.egencia.com,Business Hotel
Egencia,www.egencia.com,Flights Search Site
Egencia,www.egencia.com,Airline Ticket Agency
Guesty,guesty.com,Holiday Accommodation Service
Guesty,guesty.com,Business to Business Service
Guesty,guesty.com,Vacation Rental
Guesty,guesty.com,Software Company
Travomint US,travomint.com,Travel Agency
SouthAmerica.travel Inc,southamerica.travel,Tour Operator
SouthAmerica.travel Inc,southamerica.travel,Travel Agency
SouthAmerica.travel Inc,southamerica.travel,Travel Aggregator
SouthAmerica.travel Inc,southamerica.travel,Cultural Tours Provider
Milesandmore,www.miles-and-more.com,Travel Aggregator
Milesandmore,www.miles-and-more.com,Travel Agency
Milesandmore,www.miles-and-more.com,Tour Operator
Business Class Guru,businessclassguru.com,Travel Agency
AirDNA,www.airdna.co,Software Company
AirDNA,www.airdna.co,Vacation Rental
Tripbase,www.tripbase.com,Travel Agency
Holidaybreakz,holidaybreakz.com,Travel Agency
Holidaybreakz,holidaybreakz.com,Holiday Park
Holidaybreakz,holidaybreakz.com,Cruise Travel Agency
Holidaybreakz,holidaybreakz.com,Airline Ticket Agency
Holidaybreakz,holidaybreakz.com,Airport Hotel
Florida Vacation Homes,reunionvacationhomes.com,Travel Agency
Morerooms,morerooms.com,Hotel
Morerooms,morerooms.com,Travel Agency
lafetravel.com,lafetravel.com,Travel Agency
lafetravel.com,lafetravel.com,Flights Search Site
lafetravel.com,lafetravel.com,Airline Ticket Agency
Frias Properties of Aspen Snowmass,friasproperties.com,Property Management Company
Frias Properties of Aspen Snowmass,friasproperties.com,Vacation Home Rental Agency
Cabins of the Smoky Mountains,cabinsofthesmokymountains.com,Cabin Rental Agency
ACIS Educational Tours,acis.com,Tour Agency
KAYAK,kayak.es,Travel & Vacation
Next Vacay,nextvacay.com,Flights Search Site
Inca Expert Travel,incaexpert.com,Tour Agency
Inca Expert Travel,incaexpert.com,Travel Agency
Inca Expert Travel,incaexpert.com,Tour Operator
topflightfares.com,topflightfares.com,Travel Agency
Faremart.com,faremart.com,Travel Agency
Weed Bus LA,weedbusla.com,Bus Tour Agency
Weed Bus LA,weedbusla.com,Limousine Service
Weed Bus LA,weedbusla.com,Travel Agency
Weed Bus LA,weedbusla.com,Cannabis store
Summer In Italy,www.summerinitaly.com,Travel Agency
Summer In Italy,www.summerinitaly.com,Vacation Rental
Quasar Expeditions,quasarex.com,Tour Operator
Quasar Expeditions,quasarex.com,Tour Agency
Quasar Expeditions,quasarex.com,Cruise Agency
Quasar Expeditions,quasarex.com,Travel Agency
Quasar Expeditions,quasarex.com,Cruise Line Company
momondo,momondo.de,Hotel
momondo,momondo.de,Flights Search Site
Kayak,kayak.fr,Hotel
Cheap Airport Parking,cheapairportparking.org,Travel Agency
Cheap Airport Parking,cheapairportparking.org,Parking Garage
Cheap Airport Parking,cheapairportparking.org,Online Marketplace
Cheap Airport Parking,cheapairportparking.org,Airport Shuttle Service
Cheap Airport Parking,cheapairportparking.org,Parking Lot
Cheap Airport Parking,cheapairportparking.org,Valet Parking Service
BookTickets2India,booktickets2india.com,Flights Search Site
Going,going.com,Flights Search Site
Going,going.com,Travel Aggregator
Going,going.com,Airline
trivago,trivago.com,Price Comparison Site
trivago,trivago.com,Financial Consultant
trivago,trivago.com,Travel Aggregator
Fastport Passport,fastportpassport.com,Travel Agency
Fastport Passport,fastportpassport.com,Association or Organization
Fastport Passport,fastportpassport.com,License Bureau
Fastport Passport,fastportpassport.com,Passport Office
Carolina Cabin Rentals,carolinacabinrentals.com,Travel Agency
Carolina Cabin Rentals,carolinacabinrentals.com,Vacation Rental
Couchsurfing,www.couchsurfing.com,Travel Aggregator
Couchsurfing,www.couchsurfing.com,Travel Agency
Couchsurfing,www.couchsurfing.com,Tour Operator
Red Umbrella Holidays,redumbrellaholidays.com,Travel Agency
Red Umbrella Holidays,redumbrellaholidays.com,Flights Search Site
Red Umbrella Holidays,redumbrellaholidays.com,Airline Ticket Agency
Red Umbrella Holidays,redumbrellaholidays.com,Travel Aggregator
Thrive Travel,thrivetravel.com,Travel Agency
Thrive Travel,thrivetravel.com,Flights Search Site
SchengenFlightReservationVisa.com,schengenflightreservationvisa.com,Travel Agency
GoLastMinute®,golastminute.com,Travel Agency
Airtripmaker,airtripmaker.com,Travel Agency
Airtripmaker,airtripmaker.com,Flights Search Site
Travel Centre US,travelcentre.us,Airline Ticket Agency
Travel Centre US,travelcentre.us,Tour Operator
Travel Centre US,travelcentre.us,Travel Aggregator
Travel Centre US,travelcentre.us,Travel Agency
Colonial Properties Cabin & Resort Rentals,smokymtndreams.com,Travel Agency
Colonial Properties Cabin & Resort Rentals,smokymtndreams.com,Vacation Rental
FLIGHTS NEST,flightsnest.com,Travel Agency
Linguatrip,linguatrip.com,Travel Aggregator
Classic Journeys,classicjourneys.com,Tour Operator
Classic Journeys,classicjourneys.com,Travel Agency
Egyptair,egyptair.com,Travel Agency
Egyptair,egyptair.com,Flights Search Site
Skiplagged,www.skiplagged.com,Travel & Vacation
Newton Group,newtongrouptransfers.com,Travel Agency
Studentuniverse,studentuniverse.com,Airline Ticket Agency
Stitch,www.stitch.net,Dating Service
Stitch,www.stitch.net,Social Services Organization
Stitch,www.stitch.net,Social Club
Stitch,www.stitch.net,Wellness Program
Stitch,www.stitch.net,Outdoor Activity Organiser
Stitch,www.stitch.net,Travel Aggregator
All Seasons Resort Lodging,allseasonsresortlodging.com,Vacation Rental
All Seasons Resort Lodging,allseasonsresortlodging.com,Travel Agency
Bookvip,bookvip.com,Travel Agency
Tours4Fun,tours4fun.com,Tour Agency
KOALA,go-koala.com,Vacation Rental
KOALA,go-koala.com,Travel Agency
KOALA,go-koala.com,Timeshare Agency
KOALA,go-koala.com,Self-Catering Accommodation
KOALA,go-koala.com,Holiday Apartment Rental
KOALA,go-koala.com,Resort
algotels.com,algotels.com,Hotel
algotels.com,algotels.com,Travel Agency
BusBank,www.busbank.com,Bus Charter
BusBank,www.busbank.com,Airport Shuttle Service
BusBank,www.busbank.com,Bus Tour Agency
BusBank,www.busbank.com,Travel Aggregator
BusBank,www.busbank.com,Bus and Coach Company
BusBank,www.busbank.com,Transportation Service
Princess Cruises,www.princess.com,Tour Operator
Princess Cruises,www.princess.com,Cruise Agency
Princess Cruises,www.princess.com,Cruise Travel Agency
Princess Cruises,www.princess.com,Travel Agency
Flyluxury,flyluxury.com,Travel Agency
InteleTravel.com,inteletravel.com,Travel Aggregator
InteleTravel.com,inteletravel.com,Travel Agency
InteleTravel.com,inteletravel.com,Tour Operator
Travelslake,www.travelslake.com,Travel & Vacation
Southwest Airlines,www.southwest.com,Flights Search Site
Southwest Airlines,www.southwest.com,Travel Aggregator
Southwest Airlines,www.southwest.com,Travel Agency
InsureandGo USA,www.insureandgousa.com,Financial Consultant
InsureandGo USA,www.insureandgousa.com,Travel Agency
InsureandGo USA,www.insureandgousa.com,Insurance Agency
Travelouts,travelouts.com,Travel Agency
flydubai,flydubai.com,Flights Search Site
flydubai,flydubai.com,Travel Agency
flydubai,flydubai.com,Airline
Tom Barefoot,tombarefoot.com,Travel Agency
Outrageouscabins.com,outrageouscabins.com,Travel Agency
Outrageouscabins.com,outrageouscabins.com,Cottage
Outrageouscabins.com,outrageouscabins.com,Cabin Rental Agency
Travelodaddy,travelodaddy.com,Travel Agency
MotoPress,motopress.com,Software Company
MotoPress,motopress.com,Software Vendor
MotoPress,motopress.com,Vacation Rental
MotoPress,motopress.com,Website Designer
FlyWorldClass.com,flyworldclass.com,Travel Agency
FlyWorldClass.com,flyworldclass.com,Flights Search Site
Travelpro,travelpro.com,Travel & Vacation
LowCostAirlines,lowcostairlines.com,Travel & Vacation
Remote Year,remoteyear.com,Tour Agency
Thepassportoffice,thepassportoffice.com,Travel & Vacation
Alexander + Roberts,www.alexanderroberts.com,Travel Agency
Alexander + Roberts,www.alexanderroberts.com,Tour Operator
Alexander + Roberts,www.alexanderroberts.com,Cruise Agency
Alexander + Roberts,www.alexanderroberts.com,Tour Agency
Alexander + Roberts,www.alexanderroberts.com,Cruise Travel Agency
Alexander + Roberts,www.alexanderroberts.com,Cultural Tours Provider
America Israel Tours,www.americaisraeltours.com,Tour Operator
HelloGov AI,hellogov.com,Visa and Passport Office
HelloGov AI,hellogov.com,Passport Office
HelloGov AI,hellogov.com,Passport Agent
HelloGov AI,hellogov.com,Driver and Vehicle Licensing Agency
HelloGov AI,hellogov.com,Visa Consultant
Trawick International,www.trawickinternational.com,Travel Agency
Trawick International,www.trawickinternational.com,Travel Insurance Company
travorium.com,www.travorium.com,Travel Aggregator
travorium.com,www.travorium.com,Travel Agency
travorium.com,www.travorium.com,Tour Operator
bestof-hawaii,bestof-hawaii.com,Travel Agency
Westgate Resorts,westgateresorts.com,Travel & Vacation
flightsbird,flightsbird.com,Travel Agency
FareBarber,farebarber.com,Airline Ticket Agency
FareBarber,farebarber.com,Travel Agency
FareBarber,farebarber.com,Cruise Travel Agency
FareBarber,farebarber.com,Flights Search Site
Tripmasters,tripmasters.com,Tour Operator
Tripmasters,tripmasters.com,Travel Agency
Tripmasters,tripmasters.com,Travel Aggregator
Tripmasters,tripmasters.com,Tour Agency
French bee,frenchbee.com,Flights Search Site
French bee,frenchbee.com,Travel Agency
French bee,frenchbee.com,Tour Operator
Ratepunk,ratepunk.com,Tourist Information Center
Flyer Club,flyer-club.com,Travel Agency
British Passport Pro,britishpassportpro.com,Travel Agency
TAP Portugal,www.tap.pt,Airline
TAP Portugal,www.tap.pt,Flights Search Site
OYO UK,oyorooms.com/gb,Hotel
Swissport,www.swissport.com,Flights Search Site
Swissport,www.swissport.com,Airline
Swissport,www.swissport.com,International Airport
Swissport,www.swissport.com,Travel Agency
Wizfair Travel,wizfairvacation.com,Travel Agency
France Off the Beaten Path,traveloffthebeatenpath.com,Tour Agency
France Off the Beaten Path,traveloffthebeatenpath.com,Event Planner
France Off the Beaten Path,traveloffthebeatenpath.com,Travel Agency
France Off the Beaten Path,traveloffthebeatenpath.com,Cultural Tours Provider
France Off the Beaten Path,traveloffthebeatenpath.com,Tour Operator
Fly With Class,flywithclass.com,Travel Agency
Poseidon Expeditions,poseidonexpeditions.com,Travel Agency
Poseidon Expeditions,poseidonexpeditions.com,Cruise Agency
Optiontown,www.optiontown.com,Travel Agency
Adventure Life,www.adventure-life.com,Travel Agency
Adventure Life,www.adventure-life.com,Tour Operator
Bus.com,bus.com,Bus Charter
Bus.com,bus.com,Bus Tour Agency
Bus.com,bus.com,Event Technology Service
Bus.com,bus.com,Travel Aggregator
Bus.com,bus.com,Bus and Coach Company
Bus.com,bus.com,Transportation Service
Bike Rent NYC,bikerent.nyc,Tour Operator
Sonder,sonder.com,Self-Catering Accommodation
Sonder,sonder.com,Holiday Apartment Rental
Sonder,sonder.com,Hostel
Sonder,sonder.com,Serviced Accommodation
Sonder,sonder.com,Vacation Rental
John Hall's Alaska,kissalaska.com,Cultural Tours Provider
Météo-France,www.meteofrance.com,Tour Operator
Météo-France,www.meteofrance.com,Travel Agency
Click2refund,click2refund.com,Travel & Vacation
Holiday Inn Express,hiexpress.com,Travel Agency
Holiday Inn Express,hiexpress.com,Hotel
VaccationTravel,vaccationtravel.com,Airline Ticket Agency
VaccationTravel,vaccationtravel.com,Travel Agency
Experience It Tours,experienceittours.com,Travel Agency
Experience It Tours,experienceittours.com,Tour Operator
Scoot,flyscoot.com,Travel Agency
Scoot,flyscoot.com,Flights Search Site
Scoot,flyscoot.com,Airline
All-Paris-Apartments - English,all-paris-apartments.com/en,Travel Agency
Celebrity Cruises,www.celebritycruises.com,Tour Operator
Celebrity Cruises,www.celebritycruises.com,Cruise Agency
Celebrity Cruises,www.celebritycruises.com,Cruise Travel Agency
Celebrity Cruises,www.celebritycruises.com,Travel Agency
Hotels By Day,hotelsbyday.com,Hotel
Hotels By Day,hotelsbyday.com,Airport Hotel
Hotels By Day,hotelsbyday.com,Budget Hotel
Hotels By Day,hotelsbyday.com,Travel Agency
Hotels By Day,hotelsbyday.com,Love Hotel
Hotels By Day,hotelsbyday.com,Boutique Hotel
MyTicketDeal.com,myticketdeal.com,Travel Agency
Wyndham Worldwide,wyndhamworldwide.com,Travel Agency
Five Star Airways,fivestarairways.com,Airline Ticket Agency
Five Star Airways,fivestarairways.com,Flights Search Site
Five Star Airways,fivestarairways.com,Travel Agency
DestinaHolidays,www.destinaholidays.com,Tour Operator
DestinaHolidays,www.destinaholidays.com,Travel Agency
Hospitable,hospitable.com,Vacation Rental
Hospitable,hospitable.com,Software Company
Aeromexico,aeromexico.com,Flights Search Site
Aeromexico,aeromexico.com,Travel Agency
Aeromexico,aeromexico.com,Travel Aggregator
Railbookers,www.railbookers.co.uk,Tour Operator
Amigo U.S.,amigo-us.com,Electronics Store
Amigo U.S.,amigo-us.com,Cell Phone Store
Amigo U.S.,amigo-us.com,Travel Agency
eSky Travel,www.esky.eu,Travel & Vacation
One Dollar Fly,www.onedollarfly.com,Travel Agency
One Dollar Fly,www.onedollarfly.com,Airline Ticket Agency
RCI,www.rci.com,Timeshare Agency
Explorer Ventures Liveaboard Diving Fleet,explorerventures.com,SCUBA Tour Agency
Explorer Ventures Liveaboard Diving Fleet,explorerventures.com,Sightseeing Tour Agency
Explorer Ventures Liveaboard Diving Fleet,explorerventures.com,Tour Operator
Explorer Ventures Liveaboard Diving Fleet,explorerventures.com,Boat Tour Agency
Explorer Ventures Liveaboard Diving Fleet,explorerventures.com,Cruise Travel Agency
cruises.com,cruises.com,Cruise Agency
Tripadvisor,www.tripadvisor.in,Financial Consultant
Tripadvisor,www.tripadvisor.in,Travel Agency
Tripadvisor,www.tripadvisor.in,Price Comparison Site
laxride.net,laxride.net,Taxi Service
laxride.net,laxride.net,Travel Agency
Cathay Pacific Airways,www.cathaypacific.com,Travel Agency
Cathay Pacific Airways,www.cathaypacific.com,Airline
Cathay Pacific Airways,www.cathaypacific.com,Flights Search Site
SkyGeek,www.skygeek.com,Airline
SkyGeek,www.skygeek.com,Car Accessories Store
Adam Vacations,adamvacations.com,Travel Agency
Laurel Mountain Retreat,laurelmtnrt.com,Vacation Rental
Travodeals,travodeals.us,Airline Ticket Agency
Travodeals,travodeals.us,Travel Agency
Sky Express,skyexpress.gr,Airline
Sky Express,skyexpress.gr,Flights Search Site
Sky Express,skyexpress.gr,Travel Agency
BLS International,blsspainvisa.com,Visa Consultant
BLS International,blsspainvisa.com,Visa and Passport Office
Rushmytravelvisa,rushmytravelvisa.com,Travel Agency
Rushmytravelvisa,rushmytravelvisa.com,Visa Consultant
Rushmytravelvisa,rushmytravelvisa.com,Visa and Passport Office
Rushmytravelvisa,rushmytravelvisa.com,Passport Office
Holidayinn,www.holidayinn.com,Hotel
Holidayinn,www.holidayinn.com,Travel Agency
Holidayinn,www.holidayinn.com,Travel Aggregator
GetawayDealz.com,getawaydealz.com,Travel Agency
Flynfare,flynfare.com,Travel Agency
Flynfare,flynfare.com,Flights Search Site
Flynfare,flynfare.com,Airline Ticket Agency
Flynfare,flynfare.com,Travel Aggregator
Flynfare,flynfare.com,Airline
Flynfare,flynfare.com,Budget Hotel
Centre International d'Antibes,cia-france.com,Travel Agency
Centre International d'Antibes,cia-france.com,Recreational and Vacation Camps
Ya'lla Tours USA,yallatours.com,Tour Operator
Ya'lla Tours USA,yallatours.com,Travel Agency
Cheaptickets,www.cheaptickets.com,Travel Agency
Cheaptickets,www.cheaptickets.com,Travel Aggregator
Farecorner,farecorner.com,Travel Agency
Timeshare Specialists,timesharespecialists.com,Timeshare Agency
Keytours Vacations,www.keytours.com,Tour Operator
Keytours Vacations,www.keytours.com,Travel Agency
Keytours Vacations,www.keytours.com,Cultural Tours Provider
Keytours Vacations,www.keytours.com,Travel Aggregator
Keytours Vacations,www.keytours.com,Tour Agency
Visa And More,www.thevisaandmore.com,Visa and Passport Office
Visa And More,www.thevisaandmore.com,Notary Public
Visa And More,www.thevisaandmore.com,Immigration and Naturalization Service
Visa And More,www.thevisaandmore.com,Paralegal Services Provider
Visa And More,www.thevisaandmore.com,Travel Agency
Visa And More,www.thevisaandmore.com,Foreign Consulate
Patagonia,www.patagonia.com,Activewear Store
Patagonia,www.patagonia.com,Baby Clothing Store
Patagonia,www.patagonia.com,Clothing Store
Patagonia,www.patagonia.com,Outdoor Clothing and Equipment Shop
Patagonia,www.patagonia.com,Children's Clothing Store
Patagonia,www.patagonia.com,Travel Agency
Visa Supply,www.visasupply.com,Travel Agency
Superfares,superfares.com,Flights Search Site
Superfares,superfares.com,Travel Agency
Luxe Tribes,luxetribes.com,Travel Agency
Claim Flights - Flight Compensation Service,claimflights.com,Flights Search Site
Claim Flights - Flight Compensation Service,claimflights.com,Legal Services
Claim Flights - Flight Compensation Service,claimflights.com,Travel Agency
Claim Flights - Flight Compensation Service,claimflights.com,Airline
Claim Flights - Flight Compensation Service,claimflights.com,Airport
Timeshare Compliance,timesharecompliance.com,Credit Counseling Service
Timeshare Compliance,timesharecompliance.com,Real Estate Consultant
Timeshare Compliance,timesharecompliance.com,Timeshare Agency
HotelReservations.com,hotelreservations.com,Travel Aggregator
HotelReservations.com,hotelreservations.com,Travel Agency
HotelReservations.com,hotelreservations.com,Hotel
Natural Retreats,www.naturalretreats.com,Property Management Company
Natural Retreats,www.naturalretreats.com,Vacation Rental
Fantastic Fare,fantasticfare.com,Travel Agency
Fantastic Fare,fantasticfare.com,Airline Ticket Agency
Fantastic Fare,fantasticfare.com,Flights Search Site
Booking Reservation For Visa,bookingreservationforvisa.com,Travel Agency
Skytravelhub,skytravelhub.com,Airline Ticket Agency
Island Vacations of Sanibel & Captiva,sanibelislandvacations.com,Vacation Rental
Island Vacations of Sanibel & Captiva,sanibelislandvacations.com,Vacation Home Rental Agency
Reservation Centre LLC,reservationcentre.us,Travel Agency
Reservation Centre LLC,reservationcentre.us,Airline Ticket Agency
Reservation Centre LLC,reservationcentre.us,Travel Aggregator
Discount Lift Rental,discountlift.rentals,Travel & Vacation
The Points Trader,thepointstrader.com,Travel Agency
The Points Trader,thepointstrader.com,Flights Search Site
Luggage Online,www.luggageonline.com,Travel Agency
Triparies LLC,triparies.com,Flights Search Site
Triparies LLC,triparies.com,Travel Agency
Triparies LLC,triparies.com,Cruise Agency
Triparies LLC,triparies.com,Hotel
Triparies LLC,triparies.com,Holiday Accommodation Service
Discover Airlines,www.discover-airlines.com,Flights Search Site
Discover Airlines,www.discover-airlines.com,Airline
Neattravels,neattravels.com,Flights Search Site
Onward Ticket,onwardticket.com,Travel Agency
ebooktrip,ebooktrip.com,Airline Ticket Agency
TrovaTrip,trovatrip.com,Travel Aggregator
Travel Compendium,travelcompendium.com,Travel Agency
cheapvuelos.com,www.cheapvuelos.com,Travel Aggregator
cheapvuelos.com,www.cheapvuelos.com,Travel Agency
cheapvuelos.com,www.cheapvuelos.com,Tour Operator
FloridaRentals,floridarentals.com,Vacation Rental
Qtrip.com,qtrip.com,Airline Ticket Agency
Domum de Vencé,devencer.com,Bed & Breakfast
Domum de Vencé,devencer.com,Boutique Hotel
Domum de Vencé,devencer.com,Hotel
Domum de Vencé,devencer.com,Self-Catering Accommodation
Domum de Vencé,devencer.com,Travel Agency
Go Real Travel,gorealtravel.com,Travel Aggregator
Motel 6,www.motel6.com,Hotel
Motel 6,www.motel6.com,Travel Aggregator
Motel 6,www.motel6.com,Travel Agency
lovevacations,lovevacations.com,Travel Agency
Gulf Air,gulf-air.com,Travel Agency
Gulf Air,gulf-air.com,Flights Search Site
Gulf Air,gulf-air.com,Airline
Campings Vert Bleu,campings-vert-bleu.com,Travel & Vacation
TrustFares,www.trustfares.com,Travel Agency
AirportParking.com,www.airportparking.com,Travel Agency
AirportParking.com,www.airportparking.com,Parking Lot
Dollar Flight Club,dollarflightclub.com,Travel Aggregator
Dollar Flight Club,dollarflightclub.com,Travel Agency
Dollar Flight Club,dollarflightclub.com,Flights Search Site
Dollar Flight Club,dollarflightclub.com,Airline
Dollar Flight Club,dollarflightclub.com,Airline Ticket Agency
Flightsandpackages,flightsandpackages.com,Travel & Vacation
BudgetAir.lv,budgetair.lv,Travel & Vacation
FareCompare,farecompare.com,Travel Agency
FareCompare,farecompare.com,Flights Search Site
FareCompare,farecompare.com,Hotel
FareCompare,farecompare.com,Travel Aggregator
Despegar.com,us.despegar.com,Travel Agency
DestinationWeddings,destinationweddings.com,Travel Agency
Hotels.com,www.hotel.com,Travel Agency
Hotels.com,www.hotel.com,Hotel
Iqfares,iqfares.com,Travel Agency
Iqfares,iqfares.com,Flights Search Site
JetSMART,jetsmart.com,Airline
JetSMART,jetsmart.com,Travel Agency
JetSMART,jetsmart.com,Flights Search Site
Rocketmiles,rocketmiles.com,Travel Aggregator
jifu.com,jifu.com,Travel Agency
jifu.com,jifu.com,Travel Aggregator
FareScan,farescan.com,Airline Ticket Agency
Pack Up + Go,packupgo.com,Travel Agency
Best Western Hotels & Resorts,www.bestwestern.com,Travel Agency
Best Western Hotels & Resorts,www.bestwestern.com,Hotel
Yesfares.com,yesfares.com,Airline Ticket Agency
Yesfares.com,yesfares.com,Travel Agency
Yesfares.com,yesfares.com,Flights Search Site
DragonPass,en.dragonpass.com.cn,Travel & Vacation
Gate 1 Travel,gate1travel.com,Tour Operator
Caradonna Adventures,www.caradonna.com,Adventure Sports
Caradonna Adventures,www.caradonna.com,SCUBA Tour Agency
Caradonna Adventures,www.caradonna.com,Travel Aggregator
Caradonna Adventures,www.caradonna.com,Travel Agency
Airtripmasters,airtripmasters.com,Travel Agency
Airtripmasters,airtripmasters.com,Airline Ticket Agency
momondo.se,momondo.se,Flights Search Site
SmartLynx Airlines,www.smartlynx.aero,Flights Search Site
SmartLynx Airlines,www.smartlynx.aero,Airline
Carnival Cruise Line,www.carnival.com,Cruise Agency
Carnival Cruise Line,www.carnival.com,Cruise Travel Agency
Carnival Cruise Line,www.carnival.com,Tour Operator
Carnival Cruise Line,www.carnival.com,Travel Agency
ChinaTour.com,chinatour.com,Tour Operator
ChinaTour.com,chinatour.com,Visa Consultant
ChinaTour.com,chinatour.com,Tour Agency
ChinaTour.com,chinatour.com,Group Accommodation
ChinaTour.com,chinatour.com,Travel Agency
EazyFares,eazyfares.com,Airline Ticket Agency
EazyFares,eazyfares.com,Travel Aggregator
EazyFares,eazyfares.com,Travel Insurance Company
EazyFares,eazyfares.com,Travel Agency
EazyFares,eazyfares.com,Flights Search Site
FlyFairTravels LLC,www.flyfairtravels.com,Travel Agency
FlyFairTravels LLC,www.flyfairtravels.com,Cruise Travel Agency
FlyFairTravels LLC,www.flyfairtravels.com,Flights Search Site
FlyFairTravels LLC,www.flyfairtravels.com,Airline Ticket Agency
FlyFairTravels LLC,www.flyfairtravels.com,Airline
UME Travel,umetravel.com,Travel Agency
UME Travel,umetravel.com,Tourist Information Center
UME Travel,umetravel.com,Tour Operator
UME Travel,umetravel.com,Cultural Tours Provider
UME Travel,umetravel.com,Tourist Attraction
Choice Hotels,www.choicehotels.com,Hotel
Choice Hotels,www.choicehotels.com,Travel Agency
Choice Hotels,www.choicehotels.com,Vacation Rental
Cheapflights,cheapflights.com,Travel & Vacation
Golf Zoo,golfzoo.com,Travel Agency
FlightGuru,flightguru.com,Travel & Vacation
Halo Travels & Tours US,haloflights.us,Tour Agency
Halo Travels & Tours US,haloflights.us,Airline Ticket Agency
Halo Travels & Tours US,haloflights.us,Travel Aggregator
Halo Travels & Tours US,haloflights.us,Travel Agency
Halo Travels & Tours US,haloflights.us,Tour Operator
Club Villamar,www.clubvillamar.com,Travel Agency
checkfelix,checkfelix.at,Travel & Vacation
Business-Tickets.com,business-tickets.com,Airline Ticket Agency
momondo.pt,momondo.pt,Travel Aggregator
Vacation Rental Pros,vacationrentalpros.com,Vacation Rental
Vacation Rental Pros,vacationrentalpros.com,Travel Agency
FBC Travels,fbctravels.com,Travel Agency
Kuoda Travel,kuodatravel.com,Cultural Tours Provider
Kuoda Travel,kuodatravel.com,Travel Agency
Kuoda Travel,kuodatravel.com,Tour Operator
Baran Kul Clinic,barankulclinic.com,Travel & Vacation
Worldpackers,worldpackers.com,Travel Aggregator
Luggage Pros,www.luggagepros.com,Travel Agency
FlyVagary,flyvagary.com,Airline Ticket Agency
Fake Flight Tickets,fakeflighttickets.com,Travel Agency
Fake Flight Tickets,fakeflighttickets.com,Flights Search Site
Vaya Adventures,www.vayaadventures.com,Tour Operator
Vaya Adventures,www.vayaadventures.com,Travel Agency
Travel All Russia,travelallrussia.com,Travel Agency
Travel All Russia,travelallrussia.com,Tour Operator
Fareocity,www.fareocity.com,Airline Ticket Agency
Fareocity,www.fareocity.com,Travel Agency
Malaysiaairlines,malaysiaairlines.com,Flights Search Site
Malaysiaairlines,malaysiaairlines.com,Travel Agency
Houfy,www.houfy.com,Holiday Home
Houfy,www.houfy.com,Cottage Rental
Houfy,www.houfy.com,Holiday Apartment
Houfy,www.houfy.com,Holiday Apartment Rental
Houfy,www.houfy.com,Vacation Rental
Houfy,www.houfy.com,Vacation Home Rental Agency
AlaskaCruises.com,alaskacruises.com,Cruise Agency
AlaskaCruises.com,alaskacruises.com,Travel Agency
Tradition Tours,traditiontours.com,Travel Agency
Tradition Tours,traditiontours.com,Tour Operator
MT Sobek,mtsobek.com,Travel Agency
MT Sobek,mtsobek.com,Tour Operator
MT Sobek,mtsobek.com,Cultural Tours Provider
MT Sobek,mtsobek.com,Tour Agency
Your Travel Mates,www.yourtravelmates.com,Travel Agency
Yampu Tours,yampu.com,Tour Operator
Yampu Tours,yampu.com,Travel Agency
Gofastpass,gofastpass.com,Transportation Service
Gofastpass,gofastpass.com,Airport Shuttle Service
Lonestar Transfer,www.lonestartransfer.com,Timeshare Agency
Padreescapes,padreescapes.com,Travel & Vacation
Virgin Australia,www.virginaustralia.com,Flights Search Site
Virgin Australia,www.virginaustralia.com,Airline
Virgin Australia,www.virginaustralia.com,Travel Agency
Bespoke India Travel,bespokeindiatravel.co.uk,Tour Operator
Bespoke India Travel,bespokeindiatravel.co.uk,Tour Agency
Bespoke India Travel,bespokeindiatravel.co.uk,Travel Agency
Globus Faith,globusfaith.com,Travel & Vacation
Farebubble,farebubble.com,Travel Agency
Gohagan & Company,www.gohagantravel.com,Tour Operator
Image Tours,imagetours.com,Tour Operator
Image Tours,imagetours.com,Travel Agency
Booking.com,booking.co.uk,Travel Aggregator
Booking.com,booking.co.uk,Hotel
Booking.com,booking.co.uk,Travel Agency
Mapo Tapo,mapotapo.com,Sport Tour Agency
Mapo Tapo,mapotapo.com,Adventure Sports
Mapo Tapo,mapotapo.com,Travel Agency
Lowfaretravel,lowfaretravel.com,Travel Agency
Extended Stay America,www.extendedstayamerica.com,Hotel
Extended Stay America,www.extendedstayamerica.com,Vacation Rental
Extended Stay America,www.extendedstayamerica.com,Travel Agency
"Club 1 Hotels, LLC.",club1hotels.com,Travel Agency
Holiday Isle Properties,www.holidayisle.net,Vacation Rental
Holiday Isle Properties,www.holidayisle.net,Travel Agency
Icelandair,www.icelandair.com,Airline
Icelandair,www.icelandair.com,Travel Agency
Icelandair,www.icelandair.com,Flights Search Site
Roamingmood,www.roamingmood.com,Travel Agency
momondo,momondo.nl,Flights Search Site
Holland America Line,hollandamerica.com,Travel Agency
Holland America Line,hollandamerica.com,Cruise Travel Agency
Holland America Line,hollandamerica.com,Cruise Agency
Holland America Line,hollandamerica.com,Tour Operator
Holland America Line,hollandamerica.com,Cruise Line Company
The Fare Masters,thefaremasters.com,Flights Search Site
The Fare Masters,thefaremasters.com,Airline Ticket Agency
The Fare Masters,thefaremasters.com,Tour Operator
The Fare Masters,thefaremasters.com,Travel Agency
Whimstay,whimstay.com,Vacation Rental
Whimstay,whimstay.com,Pet-Friendly Accommodation
Whimstay,whimstay.com,Mountain Cabin
Whimstay,whimstay.com,Beach Resort
Whimstay,whimstay.com,Cottage
Whimstay,whimstay.com,Vacation Home Rental Agency
Budgetelitetravel,budgetelitetravel.com,Travel Agency
Skyhikes,skyhikes.com,Travel Agency
StrollerCare,www.strollercare.com,Vacation Rental
Visa2egypt,www.visa2egypt.gov.eg,Visa Consultant
Visa2egypt,www.visa2egypt.gov.eg,Travel Agency
Visa2egypt,www.visa2egypt.gov.eg,Visa and Passport Office
WorldVentures,worldventures.com,Travel Agency
WorldVentures,worldventures.com,Tour Operator
momondo.it,momondo.it,Travel & Vacation
Australia Visa Services,australiavisaservices.com,Travel Agency
Discovery Voyages,discoveryvoyages.com,Tour Operator
Fly Business For Less,flybusinessforless.com,Flights Search Site
Fly Business For Less,flybusinessforless.com,Travel Agency
FriendzTravel,friendztravel.com,Travel Aggregator
FriendzTravel,friendztravel.com,Airline Ticket Agency
Hurtigruten,hurtigruten.com,Cruise Line Company
VeloGuide,www.veloguide.com,Tour Operator
VeloGuide,www.veloguide.com,Road Cycling
VeloGuide,www.veloguide.com,Travel Aggregator
FLY8MA.com,fly8ma.com,Aviation Training Institute
FLY8MA.com,fly8ma.com,Aviation Consultant
FLY8MA.com,fly8ma.com,Lodging
FLY8MA.com,fly8ma.com,Training School
FLY8MA.com,fly8ma.com,Flight School
TripHobo,triphobo.com,Travel Aggregator
TripHobo,triphobo.com,Travel Agency
American Passport & Visa International,apvi.com,Visa Consultant
easyJet,cars.easyjet.com,Car Rental Agency
easyJet,cars.easyjet.com,Airline
easyJet,cars.easyjet.com,Travel Agency
easyJet,cars.easyjet.com,Flights Search Site
Paddle Marco,paddlemarco.com,Canoe & Kayak Tour Agency
Paddle Marco,paddlemarco.com,Canoe and Kayak Rental Service
Fly2globe,fly2globe.com,Travel Agency
Mystery Vacations,mysteryvacations.com,Travel Aggregator
Mystery Vacations,mysteryvacations.com,Travel Agency
Mystery Vacations,mysteryvacations.com,Tour Operator
Mystery Vacations,mysteryvacations.com,Tour Agency
Mystery Vacations,mysteryvacations.com,Cultural Tours Provider
Paramount Business Jets,paramountbusinessjets.com,Travel Agency
Paramount Business Jets,paramountbusinessjets.com,Flights Search Site
Unsold.com,unsold.com,Holiday Apartment Rental
Unsold.com,unsold.com,Budget Hotel
Unsold.com,unsold.com,Beach Resort
Unsold.com,unsold.com,Holiday Accommodation Service
Unsold.com,unsold.com,Hotel
Unsold.com,unsold.com,Luxury Hotel
TAP Air Portugal,flights.flytap.com,Flights Search Site
TAP Air Portugal,flights.flytap.com,Airline
TAP Air Portugal,flights.flytap.com,Travel Agency
Dummyticket,dummyticket.com,Travel Agency
VisaHero,visahero.com,Visa and Passport Office
Pacific For Less,pacific-for-less.com,Travel Agency
World Path Travel,worldpathtravel.com,Flights Search Site
World Path Travel,worldpathtravel.com,Travel Agency
Bestfaredeal,bestfaredeal.com,Flights Search Site
Ciao Italy Tours,ciaoitalytours.com,Tour Operator
Ciao Italy Tours,ciaoitalytours.com,Travel Agency
Fareodaddy,fareodaddy.com,Travel Agency
Passports Travel,passports.com,Travel Agency
Passports Travel,passports.com,Tour Agency
Passports Travel,passports.com,Tour Operator
Passports Travel,passports.com,Travel Aggregator
Passports Travel,passports.com,Cultural Tours Provider
Osiris Tours,osiristours.com,Travel Agency
Booking.com,villas.com,Travel Aggregator
Booking.com,villas.com,Hotel
Booking.com,villas.com,Travel Agency
RateHawk,ratehawk.com,Travel Aggregator
Cruise.com,cruise.com,Cruise Agency
Cruise.com,cruise.com,Travel Agency
Omaha Fares,omahafares.com,Travel Agency
CruiseHub,cruisehub.com,Cruise Travel Agency
CruiseHub,cruisehub.com,Travel Agency
CruiseHub,cruisehub.com,Cruise Agency
Art In Voyage,artinvoyage.com,Travel Agency
Art In Voyage,artinvoyage.com,Tour Operator
Nexion Travel Group,www.nexion.com,Travel Agency
Charleston Coast Vacations by dunes properties,charlestoncoastvacations.com,Travel Agency
Charleston Coast Vacations by dunes properties,charlestoncoastvacations.com,Vacation Rental
Easymytrip,easymytrip.com,Travel Agency
Easymytrip,easymytrip.com,Flights Search Site
HOLT,helloholt.com,Vacation Rental
HOLT,helloholt.com,Real Estate Developer
HOLT,helloholt.com,Property Investment
HOLT,helloholt.com,Vacation Home Rental Agency
HOLT,helloholt.com,Holiday Apartment Rental
HOLT,helloholt.com,Holiday Accommodation Service
TakeTours,taketours.com,Travel Agency
Flyone,flyone.eu,Flights Search Site
Flyone,flyone.eu,Travel Agency
TREASURE REALTY,treasurerealty.com,Vacation Rental
TREASURE REALTY,treasurerealty.com,Travel Agency
DerbyBox.com,www.derbybox.com,Travel Agency
Kenya Visa Online,kenyavisaonline.com,Travel Agency
Kenya Visa Online,kenyavisaonline.com,Travel Aggregator
Vistara,airvistara.com,Travel Aggregator
Vistara,airvistara.com,Travel Agency
Vistara,airvistara.com,Tour Operator
Vistara,airvistara.com,Flights Search Site
Ibishotels,ibishotels.com,Hotel
Ibishotels,ibishotels.com,Travel Agency
valalto.com,valalto.com,Flights Search Site
"Bókun, a Tripadvisor company",bokun.io,Software Company
"Bókun, a Tripadvisor company",bokun.io,Tour Operator
"Bókun, a Tripadvisor company",bokun.io,Travel Agency
Iberostar Hotels & Resorts,www.iberostar.com,Tour Operator
Iberostar Hotels & Resorts,www.iberostar.com,Travel Agency
Iberostar Hotels & Resorts,www.iberostar.com,Hotel
TravelMerry,www.travelmerry.com,Travel & Vacation
Loftium,www.loftium.com,Association or Organization
Loftium,www.loftium.com,Vacation Rental
Loftium,www.loftium.com,Lodging
Loftium,www.loftium.com,Travel Agency
Loftium,www.loftium.com,Real Estate Agency
Ritz Tours,ritztours.com,Tour Operator
Ritz Tours,ritztours.com,Travel Agency
Flightsfairy,flightsfairy.com,Flights Search Site
Flightsfairy,flightsfairy.com,Airline Ticket Agency
Flightsfairy,flightsfairy.com,Travel Agency
ThirdHome,www.thirdhome.com,Vacation Rental
Documitra,documitra.com,Passport Agent
Documitra,documitra.com,Visa Consultant
Documitra,documitra.com,Visa and Passport Office
Documitra,documitra.com,Passport Photo Processor
Travelomile,travelomile.com,Airline Ticket Agency
Travelomile,travelomile.com,Travel Agency
Travelomile,travelomile.com,Airport Hotel
Travelomile,travelomile.com,Business Hotel
English Ctrip,english.ctrip.com,Travel Agency
English Ctrip,english.ctrip.com,Hotel
English Ctrip,english.ctrip.com,Train Ticket Agency
English Ctrip,english.ctrip.com,Flights Search Site
Cheapflights,cheapflights.ca,Travel & Vacation
Sandals Resorts,www.sandals.com,Travel Agency
Sandals Resorts,www.sandals.com,Vacation Rental
Sandals Resorts,www.sandals.com,Tour Operator
laytrip.com,laytrip.com,Travel Agency
Red Roof Inn,www.redroof.com,Travel Agency
Red Roof Inn,www.redroof.com,Hotel
Vacatia,www.vacatia.com,Vacation Rental
Vacatia,www.vacatia.com,Travel Agency
WorldMark by Wyndham,www.worldmarktheclub.com,Vacation Rental
WorldMark by Wyndham,www.worldmarktheclub.com,Travel Agency
1800FlyEurope,1800flyeurope.com,Flights Search Site
1800FlyEurope,1800flyeurope.com,Travel Agency
Hotel Hilton,hiltonhotels.com,Hotel
Hotel Hilton,hiltonhotels.com,Travel Agency
Hotel Hilton,hiltonhotels.com,Boutique Hotel
RentVillas.com,www.rentvillas.com,Vacation Rental
RentVillas.com,www.rentvillas.com,Travel Agency
Opinioes de valor,www.opinioesdevalor.com,Travel & Vacation
ALI BABA CABS Taxi,www.alibabacabs.co.uk,Minibus Taxi Service
ALI BABA CABS Taxi,www.alibabacabs.co.uk,Airport Shuttle Service
ALI BABA CABS Taxi,www.alibabacabs.co.uk,Transportation Service
ALI BABA CABS Taxi,www.alibabacabs.co.uk,Taxi Service
VIP TRAVELER (viptraveler.com),viptraveler.com,Travel Agency
Shiva Travel,shivatravel.com,Flights Search Site
Shiva Travel,shivatravel.com,Travel Agency
Fly Business,fly.business,Travel Agency
Top-Cruise-Deals,top-cruise-deals.com,Travel Agency
Top-Cruise-Deals,top-cruise-deals.com,Cruise Agency
SmartCruiser.com,smartcruiser.com,Cruise Agency
Magnetic North Travel,magneticnorthtravel.com,Travel Agency
Magnetic North Travel,magneticnorthtravel.com,Tour Operator
Tablet Hotels,tablethotels.com,Travel Agency
Tablet Hotels,tablethotels.com,Hotel
CEOFLIGHTS – Cheap Business Class Flights,ceoflights.com,Airline Ticket Agency
CEOFLIGHTS – Cheap Business Class Flights,ceoflights.com,Travel Agency
CEOFLIGHTS – Cheap Business Class Flights,ceoflights.com,Flights Search Site
Aer Lingus Vacation Store,aerlingusvacationstore.com,Tour Operator
marriottbonvoy.com,marriottbonvoy.com,Travel Agency
marriottbonvoy.com,marriottbonvoy.com,Hotel
marriottbonvoy.com,marriottbonvoy.com,Travel Aggregator
Happy Adventurers Travel Agency,happyadventurers.com,Travel Agency
Tokeet,tokeet.com,Vacation Rental
Tokeet,tokeet.com,Software Company
African Safari Consultants LLC,africansafaris.com,Travel Agency
African Safari Consultants LLC,africansafaris.com,Tour Operator
African Safari Consultants LLC,africansafaris.com,Boutique Hotel
African Safari Consultants LLC,africansafaris.com,Lodge
African Safari Consultants LLC,africansafaris.com,Luxury Hotel
Navan,navan.com,Travel Agency
Holiday Inn Club Vacations,holidayinnclub.com,Travel Agency
Holiday Inn Club Vacations,holidayinnclub.com,Hotel
Holiday Inn Club Vacations,holidayinnclub.com,Vacation Rental
Reservationscenter,reservationscenter.com,Hotel
Reservationscenter,reservationscenter.com,Travel Aggregator
Reservationscenter,reservationscenter.com,Travel Agency
Theflightsboss,theflightsboss.com,Airline Ticket Agency
Trippact.com,trippact.com,Travel Agency
Trippact.com,trippact.com,Flights Search Site
Air Mauritius,www.airmauritius.com,Travel Agency
Air Mauritius,www.airmauritius.com,Flights Search Site
Air Mauritius,www.airmauritius.com,Tour Operator
Galaxyescapes,galaxyescapes.com,Travel & Vacation
Tom Tours Services,tomtours.com,Hotel
Tom Tours Services,tomtours.com,Travel Agency
Tom Tours Services,tomtours.com,Flights Search Site
Radisson Blu,www.radissonblu.com,Hotel
The Walt Disney Company,disneyworld.disney.go.com,Travel Agency
The Walt Disney Company,disneyworld.disney.go.com,Travel Aggregator
Vayubooking,vayubooking.com,Travel Agency
Vayubooking,vayubooking.com,Tour Operator
Vayubooking,vayubooking.com,Airline Ticket Agency
Travelous,www.travelous.com,Tour Operator
Travelous,www.travelous.com,Travel Agency
Down Under Endeavours,www.downunderendeavours.com,Travel Agency
Travelogate,travelogate.com,Travel Agency
Travelogate,travelogate.com,Airline Ticket Agency
Reservationclubs,reservationclubs.com,Flights Search Site
Reservationclubs,reservationclubs.com,Travel Agency
Reservationclubs,reservationclubs.com,Travel Aggregator
TripToGo,triptogo.com,Travel Aggregator
TripToGo,triptogo.com,Flights Search Site
TripToGo,triptogo.com,Hotel
Billabook,billabook.com,Travel Agency
Arrowhead Retreats,arrowheadretreats.com,Travel & Vacation
Booking.com,flights.booking.com,Travel Agency
Booking.com,flights.booking.com,Flights Search Site
Booking.com,flights.booking.com,Travel Aggregator
Discovering Ireland Vacations,discoveringireland.com,Tour Operator
AirfareExperts,airfareexperts.com,Travel & Vacation
Deeper Africa,deeperafrica.com,Tour Operator
Deeper Africa,deeperafrica.com,Travel Agency
Roomer,roomertravel.com,Travel & Vacation
Sundance Vacations,sundancevacations.com,Travel Agency
Farebuddies,farebuddies.com,Travel Agency
Hawaii Activities - VELTRA,hawaiiactivities.com,Travel Agency
10XBNB,10xbnb.com,Training Centre
10XBNB,10xbnb.com,Learning Center
10XBNB,10xbnb.com,Online Marketplace
10XBNB,10xbnb.com,Vacation Home Rental Agency
Hilton Hotels & Resorts,doubletree.com,Hotel
Hilton Hotels & Resorts,doubletree.com,Boutique Hotel
Hilton Hotels & Resorts,doubletree.com,Travel Agency
hutchgo Hong Kong,hutchgo.com,Travel & Vacation
Hyatt Hotels,www.hyatt.com,Budget Hotel
Hyatt Hotels,www.hyatt.com,Hotel
Stansted Airport-parking,app.stansted-airport-parking.com,Travel Aggregator
Stansted Airport-parking,app.stansted-airport-parking.com,Travel Agency
Stansted Airport-parking,app.stansted-airport-parking.com,Valet Parking Service
Stansted Airport-parking,app.stansted-airport-parking.com,Parking Lot
reservationstays.com,reservationstays.com,Hotel
reservationstays.com,reservationstays.com,Travel Aggregator
reservationstays.com,reservationstays.com,Travel Agency
reservationstays.com,reservationstays.com,Tour Operator
Dreamlines,www.dreamlines.com,Travel Agency
Dreamlines,www.dreamlines.com,Cruise Agency
Redwood Coast Vacation Rentals,redwoodcoastvacationrentals.com,Vacation Home Rental Agency
Redwood Coast Vacation Rentals,redwoodcoastvacationrentals.com,Holiday Apartment Rental
"Take A Break Travel, LLC.",takeabreaktravel.com,Travel Agency
Morocco Tours,moroccotours.org,Travel Agency
Morocco Tours,moroccotours.org,Cultural Tours Provider
JetNsave,jetnsave.com,Travel Agency
JetNsave,jetnsave.com,Flights Search Site
JetNsave,jetnsave.com,Hotel
JetNsave,jetnsave.com,Travel Aggregator
Gotoflyer,gotoflyer.com,Airline Ticket Agency
FIJI VACATIONS/ FIJI TRAVEL,fijivacations.com,Travel Agency
SKYDAY TRAVEL,skydaytravel.com,Travel Agency
SKYDAY TRAVEL,skydaytravel.com,Cruise Travel Agency
SKYDAY TRAVEL,skydaytravel.com,Airline Ticket Agency
SKYDAY TRAVEL,skydaytravel.com,Hotel
SKYDAY TRAVEL,skydaytravel.com,Car Rental Agency
SKYDAY TRAVEL,skydaytravel.com,Tour Agency
Dummyticket247,dummyticket247.com,Flights Search Site
CitySights NY,www.citysightsny.com,Travel & Vacation
Hajar Travels,hajartravels.com,Travel Agency
The Gorilla Safari Company,gorillasafaricompany.com,Tour Operator
Kidmoto Technologies,www.kidmoto.taxi,Taxi Service
Kidmoto Technologies,www.kidmoto.taxi,Travel Agency
Sell My Miles,sellmymiles.com,Travel Agency
Mayfairhotelsupply,mayfairhotelsupply.com,Hotel Supply Store
Thousand Hills Golf Resort,www.thousandhills.com,Travel Agency
Thousand Hills Golf Resort,www.thousandhills.com,Furniture Store
Thousand Hills Golf Resort,www.thousandhills.com,Vacation Rental
Thousand Hills Golf Resort,www.thousandhills.com,Hotel
Thousand Hills Golf Resort,www.thousandhills.com,Real Estate Agency
Sweet Home Vacation,disney.sweethomevacation.com,Travel Agency
Sweet Home Vacation,disney.sweethomevacation.com,Vacation Rental
Flightfare Hub,flightfarehub.com,Travel Agency
CIBT,cibt.com,Visa and Passport Office
CIBT,cibt.com,Visa Consultant
Lola.com,lola.com,Travel Agency
beneplace.com,beneplace.com,Amusement Center
beneplace.com,beneplace.com,Baseball
beneplace.com,beneplace.com,Holiday Park
beneplace.com,beneplace.com,Travel Agency
beneplace.com,beneplace.com,Hotel
Cuballama,www.cuballama.com,Travel Agency
Cuballama,www.cuballama.com,Telecommunications Service Provider
Vrbo,vbro.com,Holiday Apartment Rental
Vrbo,vbro.com,Vacation Rental
Vrbo,vbro.com,Vacation Home Rental Agency
Vrbo,vbro.com,Holiday Accommodation Service
Vrbo,vbro.com,Cottage
AccessFares,accessfares.com,Travel Agency
Transporthubuk,www.transporthubuk.co.uk,Transportation Service
Transporthubuk,www.transporthubuk.co.uk,Travel Agency
Transporthubuk,www.transporthubuk.co.uk,Minibus Taxi Service
Transporthubuk,www.transporthubuk.co.uk,Bus Company
Transporthubuk,www.transporthubuk.co.uk,Bus and Coach Company
Transporthubuk,www.transporthubuk.co.uk,Taxi Service
AIYRE Pacific Camper Vans,aiyrepacific.com,Travel Agency
Alaska Airlines,alaskaair.com,Flights Search Site
Alaska Airlines,alaskaair.com,Travel Agency
bookingcar-usa.com,www.bookingcar-usa.com,Travel Aggregator
CheapCaribbean,www.cheapcaribbean.com,Travel & Vacation
Business First International Inc.,businessfirstinternational.com,Business to Business Service
Business First International Inc.,businessfirstinternational.com,Travel Agency
Stay Sojo,staysojo.com,Lodging
Language International,languageinternational.com,Travel Agency
Meredith Lodging,www.meredithlodging.com,Travel Agency
Meredith Lodging,www.meredithlodging.com,Vacation Home Rental Agency
Meredith Lodging,www.meredithlodging.com,Vacation Rental
Bookety,bookety.com,Travel & Vacation
GoCamp,gocamp.com,Vacation Rental
GoCamp,gocamp.com,Recreational Vehicle Rental Agency
GoCamp,gocamp.com,Camp
GoCamp,gocamp.com,Pet-Friendly Accommodation
GoCamp,gocamp.com,Lodging
GoCamp,gocamp.com,Travel Agency
Scandic Hotels,www.scandichotels.com,Hotel
Scandic Hotels,www.scandichotels.com,Travel Agency
Jamaican Treasures Villas,www.jamaicantreasures.com,Travel Agency
Jamaican Treasures Villas,www.jamaicantreasures.com,Vacation Rental
Cheapflightsfreak,www.cheapflightsfreak.com,Travel & Vacation
City Discovery,www.city-discovery.com,Travel Agency
Picture the Magic,picturethemagic.com,Travel Agency
Vacation Wiser,vacationwiser.com,Travel Agency
Oasis China Visa Services,oasischinavisa.com,Travel Agency
Expedited Passports & Visas,expeditedpassportsandvisas.com,Travel Agency
Wotif.com,www.wotif.com,Travel Aggregator
Wotif.com,www.wotif.com,Hotel
Wotif.com,www.wotif.com,Travel Agency
Colonial Ghosts,colonialghosts.com,Tour Operator
parkdean-resorts.com,parkdean-resorts.com,Travel & Vacation
Big Sky Vacation Rentals,bookbigsky.com,Vacation Home Rental Agency
tourcruiser.com,tourcruiser.com,Travel Agency
Riyatravels.com,riyatravels.com,Travel & Vacation
Daceys Cornish Tours,www.daceyscornishtours.com,Cultural Tours Provider
Daceys Cornish Tours,www.daceyscornishtours.com,Travel Agency
tcsworldtravel.com,tcsworldtravel.com,Travel Agency
tcsworldtravel.com,tcsworldtravel.com,Tour Operator
Bluegreen Vacations,bluegreenvacations.com,Vacation Rental
Bluegreen Vacations,bluegreenvacations.com,Travel Agency
Bluegreen Vacations,bluegreenvacations.com,Tour Operator
Blackride.com,blackride.com,Limousine Service
Blackride.com,blackride.com,Airport Shuttle Service
Blackride.com,blackride.com,Transportation Service
A Day in LA Tours,adayinlatours.com,Travel Agency
A Day in LA Tours,adayinlatours.com,Tour Operator
Myst Yacht Charters,mystyachtcharters.com,Travel Agency
Myst Yacht Charters,mystyachtcharters.com,Yacht Broker
Rustic Pathways,rusticpathways.com,Tour Operator
Rustic Pathways,rusticpathways.com,Travel Agency
Wilderness Travel,wildernesstravel.com,Cultural Tours Provider
Wilderness Travel,wildernesstravel.com,Tour Operator
Wilderness Travel,wildernesstravel.com,Travel Agency
Crowne Travels LLC,crownetravels.com,Travel Agency
LY.com,ly.com,Travel Agency
LY.com,ly.com,Travel Aggregator
Andean Discovery,andeandiscovery.com,Travel Agency
Andean Discovery,andeandiscovery.com,Tour Operator
Cool Destinations®,cooldestinations.com,Sightseeing Tour Agency
Cool Destinations®,cooldestinations.com,Tour Agency
Cool Destinations®,cooldestinations.com,Bus Tour Agency
Cool Destinations®,cooldestinations.com,Boat Tour Agency
Cool Destinations®,cooldestinations.com,Travel Aggregator
Cool Destinations®,cooldestinations.com,Travel Agency
Thefxcompany,www.thefxcompany.co.uk,Travel Aggregator
Camping Les Prairies de la Mer  - Ouistreham,domaine-prairiesdelamer.com,Travel Agency
Camping Les Prairies de la Mer  - Ouistreham,domaine-prairiesdelamer.com,Vacation Rental
Emirates Vacations,emiratesvacations.com/us_en,Travel & Vacation
Santana Adventures,santanaadventures.com,Tour Operator
Private Jet Card Comparisons,privatejetcardcomparisons.com,Travel Aggregator
Private Jet Card Comparisons,privatejetcardcomparisons.com,Aviation Consultant
Private Jet Card Comparisons,privatejetcardcomparisons.com,Flights Search Site
Private Jet Card Comparisons,privatejetcardcomparisons.com,Airline
Sea the City Jet Ski,www.seathecity.com,Travel Agency
Sea the City Jet Ski,www.seathecity.com,Tour Operator
"Parking Access, LLC",parkingaccess.com,Travel Aggregator
Timestravel,timestravel.com,Airline Ticket Agency
momondo.fi,momondo.fi,Flights Search Site
Parkdeanholidays,www.parkdeanholidays.co.uk,Travel & Vacation
Last Minute Travel,www.lastminutetravel.com,Travel Agency
Superior Cruise & Travel,www.superiorcruiseandtravel.com,Travel Agency
Superior Cruise & Travel,www.superiorcruiseandtravel.com,Cruise Agency
GIVE Volunteers,givevolunteers.org,Tour Operator
GIVE Volunteers,givevolunteers.org,Cultural Tours Provider
GIVE Volunteers,givevolunteers.org,Travel Agency
MCC USA Global Workforce Solutions,migrationusa.co,Recruitment Service
MCC USA Global Workforce Solutions,migrationusa.co,Visa Consultant
almundo.com,almundo.com,Travel Agency
almundo.com,almundo.com,Tour Operator
almundo.com,almundo.com,Travel Aggregator
FlyCFG,charterflightgroup.com,Travel lounge
FlyCFG,charterflightgroup.com,Travel Aggregator
FlyCFG,charterflightgroup.com,Flights Search Site
FlyCFG,charterflightgroup.com,Aviation Consultant
www.Faresfeed.com,faresfeed.com,Airline
SeaWorld,seaworld.com,Travel Agency
SeaWorld,seaworld.com,Tour Operator
Isagenix,monaview.isagenix.com,Travel Agency
Isagenix,monaview.isagenix.com,Travel Aggregator
Isagenix,monaview.isagenix.com,Fitness and Nutrition Service
Viaresorts,visit.viaresorts.com,Holiday Accommodation Service
Ambassador Passport and Visa Services,ambassadorpassportandvisa.com,Travel Agency
EF Ultimate Break,efultimatebreak.com,Tour Operator
beyondfares.com,beyondfares.com,Travel Agency
beyondfares.com,beyondfares.com,Flights Search Site
PassportRenewal.com,passportrenewal.com,Passport Office
PassportRenewal.com,passportrenewal.com,Travel Agency
EagleRider,eaglerider.com,Travel Agency
Flyhacks,flyhacks.com,Travel Agency
Flyhacks,flyhacks.com,Airline Ticket Agency
Flyhacks,flyhacks.com,Flights Search Site
SkyUp Airlines,skyup.aero,Airline
SkyUp Airlines,skyup.aero,Flights Search Site
SkyUp Airlines,skyup.aero,Travel Agency
Hotelsinamerica,hotelsinamerica.com,Travel Aggregator
Hotelsinamerica,hotelsinamerica.com,Travel Agency
Hotelsinamerica,hotelsinamerica.com,Hotel
Wilderness Aware Rafting,inaraft.com,Tour Operator
Wilderness Aware Rafting,inaraft.com,Travel Agency
JayWay Travel,jaywaytravel.com,Travel Agency
BookOtrip,bookotrip.com,Travel Agency
BookOtrip,bookotrip.com,Flights Search Site
Prestige Ride,prestigeride.com,Limousine Service
Prestige Ride,prestigeride.com,Car Service
Prestige Ride,prestigeride.com,Taxi Service
Prestige Ride,prestigeride.com,Transportation Service
Prestige Ride,prestigeride.com,Airport Shuttle Service
Prestige Ride,prestigeride.com,Minibus Taxi Service
Coliving.com,coliving.com,Online Marketplace
Coliving.com,coliving.com,Serviced Accommodation
Coliving.com,coliving.com,Roommate Referral Service
Coliving.com,coliving.com,Group Accommodation
Coliving.com,coliving.com,Hostel
Jack's Flight Club,jacksflightclub.com,Flights Search Site
Jack's Flight Club,jacksflightclub.com,Travel Aggregator
PORTMANTOS,portmantos.com,Travel Agency
Business Travel 365,www.businesstravel365.com,Flights Search Site
Business Travel 365,www.businesstravel365.com,Travel Agency
Business Travel 365,www.businesstravel365.com,Airline Ticket Agency
ScholarTrip,scholartrip.com,Travel Agency
Rayanair,rayanair.com,Travel Agency
Rayanair,rayanair.com,Flights Search Site
www.journeycook.com,www.journeycook.com,Travel Agency
www.journeycook.com,www.journeycook.com,Flights Search Site
Cruisebound,cruisebound.com,Travel Agency
Cruisebound,cruisebound.com,Cruise Travel Agency
Cruisebound,cruisebound.com,Travel Aggregator
Flyoseas,www.flyoseas.com,Flights Search Site
Starmark Vacation Homes,www.starmarkvacationhomes.com,Travel Agency
Starmark Vacation Homes,www.starmarkvacationhomes.com,Vacation Rental
LuxFlight,luxflight.com,Flights Search Site
LuxFlight,luxflight.com,Travel Agency
FindBusinessClass,findbusinessclass.com,Airline Ticket Agency
FindBusinessClass,findbusinessclass.com,Flights Search Site
FindBusinessClass,findbusinessclass.com,Travel Agency
Goflyfirst,goflyfirst.com,Travel Agency
Unlimited Vacation Club,unlimitedvacationclub.com,Vacation Rental
Unlimited Vacation Club,unlimitedvacationclub.com,Travel Agency
Unlimited Vacation Club,unlimitedvacationclub.com,Tour Operator
Swain Destinations,swaindestinations.com,Tour Operator
Swain Destinations,swaindestinations.com,Travel Agency
Authentic Ireland,www.authenticireland.com,Travel Agency
Good Life Expeditions,goodlifeexpeditions.com,Cultural Tours Provider
Good Life Expeditions,goodlifeexpeditions.com,Travel Agency
Good Life Expeditions,goodlifeexpeditions.com,Tour Operator
Good Life Expeditions,goodlifeexpeditions.com,Tour Agency
"BWJ Travel, LLC",www.bwjagents.com,Travel Agency
11th Street Travel U.S,eleventhstreettravel.com,Travel Agency
Czech Airlines,www.czechairlines.com,Travel Agency
Czech Airlines,www.czechairlines.com,Travel Aggregator
Czech Airlines,www.czechairlines.com,Flights Search Site
Kmmaltairlines,www.kmmaltairlines.com,Flights Search Site
Kmmaltairlines,www.kmmaltairlines.com,Travel Agency
Kmmaltairlines,www.kmmaltairlines.com,Tour Operator
Tropical Birding Tours,www.tropicalbirding.com,Tour Operator
Johnnie Walker RV,jwrv.com,Travel Agency
Lettingsaway,lettingsaway.com,Vacation Rental
Lettingsaway,lettingsaway.com,Vacation Home Rental Agency
Lettingsaway,lettingsaway.com,Holiday Apartment Rental
Four Season Guides,fsguides.com,Tour Operator
Hostfully,hostfully.com,Vacation Rental
Hostfully,hostfully.com,Software Company
Hostfully,hostfully.com,Business to Business Service
Hostfully,hostfully.com,Holiday Accommodation Service
VacationRentals,www.vacationrentals.com,Travel & Vacation
InsureMyTrip,insuremytrip.com,Insurance Agency
InsureMyTrip,insuremytrip.com,Travel Insurance Company
InsureMyTrip,insuremytrip.com,Travel Aggregator
KnittingTours.com,knittingtours.com,Tour Operator
bookingace.com,bookingace.com,Travel Agency
awaze.co.uk,awaze.co.uk,Tour Operator
awaze.co.uk,awaze.co.uk,Vacation Rental
awaze.co.uk,awaze.co.uk,Travel Agency
momondo.no,momondo.no,Flights Search Site
Allegiant,www.allegiantair.com,Flights Search Site
Allegiant,www.allegiantair.com,Airline
Allegiant,www.allegiantair.com,Travel Agency
SimilarWorlds,similarworlds.com,Travel & Vacation
Seatnet,seatnet.com,Travel Agency
Seatnet,seatnet.com,Event Ticket Seller
Flysky9,flysky9.com,Travel Agency
Lookupvacations,lookupvacations.com,Travel Agency
Lookupvacations,lookupvacations.com,Cruise Agency
City Wonders,www.citywonders.com,Tour Agency
City Wonders,www.citywonders.com,Tour Operator
City Wonders,www.citywonders.com,Sightseeing Tour Agency
City Wonders,www.citywonders.com,Tourist Attraction
City Wonders,www.citywonders.com,Tourist Information Center
City Wonders,www.citywonders.com,Cultural Tours Provider
Goose Creek RV Park & Campground,goosecreekrvpark.com,Lodging
Goose Creek RV Park & Campground,goosecreekrvpark.com,RV Park
Goose Creek RV Park & Campground,goosecreekrvpark.com,Campground
Goose Creek RV Park & Campground,goosecreekrvpark.com,Camping cabin
Elan Vacations,www.elanvacations.com,Travel & Vacation
Clayton Hotels,www.claytonhotels.com,Holiday Accommodation Service
Clayton Hotels,www.claytonhotels.com,Hotel
Prima Drive,primadrive.com,Travel Agency
Prima Drive,primadrive.com,Taxi Service
Radisson,www.radisson.com,Hotel
Radisson,www.radisson.com,Travel Agency
Duinrell,www.duinrell.com,Travel Agency
Duinrell,www.duinrell.com,Holiday Park
Lowfarebuddy,lowfarebuddy.com,Flights Search Site
Lowfarebuddy,lowfarebuddy.com,Travel Agency
blueribbonbags.com,www.blueribbonbags.com,Travel Agency
Wamos Air,wamosair.com,Flights Search Site
Wamos Air,wamosair.com,Airline
voetbaltrips.com,voetbaltrips.com,Sport Tour Agency
voetbaltrips.com,voetbaltrips.com,Travel Agency
voetbaltrips.com,voetbaltrips.com,Tour Operator
voetbaltrips.com,voetbaltrips.com,Soccer Store
paylatertickets,paylatertickets.com,Travel Agency
paylatertickets,paylatertickets.com,Airline Ticket Agency
paylatertickets,paylatertickets.com,Flights Search Site
paylatertickets,paylatertickets.com,Airline
Matt's Flights,mattsflights.com,Travel Agency
Bookflyus,bookflyus.com,Flights Search Site
Bookflyus,bookflyus.com,Travel Agency
Bookflyus,bookflyus.com,Airline Ticket Agency
Fond Travels,fondtravels.com,Airline Ticket Agency
Airfrance,www.airfrance.us,Travel Agency
Airfrance,www.airfrance.us,Flights Search Site
Airfrance,www.airfrance.us,Airline
SnowVentures Ski and Snowboard Vacations,snowventures.com,Travel Agency
SnowVentures Ski and Snowboard Vacations,snowventures.com,Ski Holidays
SnowVentures Ski and Snowboard Vacations,snowventures.com,Tour Operator
FlyVagaryBusiness,flyvagarybusiness.com,Travel Aggregator
FlyVagaryBusiness,flyvagarybusiness.com,Travel Agency
BB,bikesbooking.com,Motor Scooter Dealer
BB,bikesbooking.com,Scooter Rental Service
BB,bikesbooking.com,Travel Aggregator
BB,bikesbooking.com,Motorcycle Rental Agency
BB,bikesbooking.com,ATV Rental Service
BB,bikesbooking.com,Bicycle Rental Service
Newtraveltrip,newtraveltrip.com,Travel Agency
Stonehill Cottages,stonehillcottages.com,Cabin Rental Agency
Stonehill Cottages,stonehillcottages.com,Vacation Rental
cheapparkfly.com,cheapparkfly.com,Parking Lot
cheapparkfly.com,cheapparkfly.com,Travel Agency
Friendship Tours,friendshiptours.com,Travel Agency
Friendship Tours,friendshiptours.com,Tour Operator
UnderPricer,underpricer.com,Travel Agency
UnderPricer,underpricer.com,Airline
UnderPricer,underpricer.com,Airline Ticket Agency
Hilton Grand Vacations,hgv.com,Travel & Vacation
EKYTESTRAVEL,ekytestravel.com,Travel Agency
EKYTESTRAVEL,ekytestravel.com,Flights Search Site
Etihad Airways,dxbooking.etihad.com,Airline
Etihad Airways,dxbooking.etihad.com,Travel Agency
Etihad Airways,dxbooking.etihad.com,Flights Search Site
AirfareNetwork.com,airfarenetwork.com,Travel & Vacation
Cultural Island Travel - Travel To Cuba Legally,culturalislandtravel.com,Travel Agency
Cultural Island Travel - Travel To Cuba Legally,culturalislandtravel.com,Cultural Tours Provider
eightydays.me,eightydays.me,Flights Search Site
eightydays.me,eightydays.me,Travel Agency
eightydays.me,eightydays.me,Train Ticket Agency
eightydays.me,eightydays.me,Airline Ticket Agency
Ykmx Cheapfaresnow,ykmx.cheapfaresnow.com,Flights Search Site
Ykmx Cheapfaresnow,ykmx.cheapfaresnow.com,Travel Agency
HotelStorm,www.hotelstorm.com,Travel & Vacation
Bookingbuddy,www.bookingbuddy.com,Travel Agency
Travelopedia,travelopedia.co.uk,Travel Agency
Travelopedia,travelopedia.co.uk,Software Company
Wyndham Hotels & Resorts,wyndham.com,Travel Agency
Wyndham Hotels & Resorts,wyndham.com,Hotel
Wyndham Hotels & Resorts,wyndham.com,Family Hotel
Wyndham Hotels & Resorts,wyndham.com,Boutique Hotel
Tripping,tripping.com,Travel Agency
Tripping,tripping.com,Vacation Rental
MAK Vacations,makrealty.com,Vacation Rental
CruiseCheap.com,cruisecheap.com,Cruise Agency
CruiseCheap.com,cruisecheap.com,Travel Agency
CheapFaresNow,cheapfaresnow.com,Travel & Vacation
Skyline Travel Express,skylinetravelexpress.com,Visa Consultant
lumiwings.com,www.lumiwings.com,Flights Search Site
lumiwings.com,www.lumiwings.com,Travel Agency
lumiwings.com,www.lumiwings.com,Airline
Pteet.com,pteet.com,Travel Agency
Pteet.com,pteet.com,Car Accessories Store
Pteet.com,pteet.com,Car Rental Agency
Pteet.com,pteet.com,Travel Insurance Company
Suite Home,suitehomechicago.com,Vacation Rental
Suite Home,suitehomechicago.com,Travel Agency
Resortneardisney,resortneardisney.com,Lodging
FirstClassFlyer.com,firstclassflyer.com,Travel & Vacation
Espíritu Travel,espiritutraveltocuba.com,Tour Operator
Espíritu Travel,espiritutraveltocuba.com,Travel Agency
Skytrend,www.skytrend.us,Travel Agency
Offpeakluxury,offpeakluxury.com,Travel Agency
Offpeakluxury,offpeakluxury.com,Hotel
Faresplanet,faresplanet.com,Travel Agency
AutoRentals.com,autorentals.com,Car Accessories Store
AutoRentals.com,autorentals.com,Travel Aggregator
AutoRentals.com,autorentals.com,Car Rental Agency
Always Croatia,alwayscroatia.com,Consultant
Always Croatia,alwayscroatia.com,Tour Operator
Always Croatia,alwayscroatia.com,Travel Agency
Wanderful Holidays LLC,wanderfulholidays.com,Tour Operator
Exclusive Business Class,exclusivebusinessclass.com,Flights Search Site
Exclusive Business Class,exclusivebusinessclass.com,Travel Aggregator
Exclusive Business Class,exclusivebusinessclass.com,Travel Agency
Indian Evisa,indian-evisa.org,Visa and Passport Office
Aerolíneas Argentinas,aerolineas.com.ar,Airline
Aerolíneas Argentinas,aerolineas.com.ar,Travel Agency
Aerolíneas Argentinas,aerolineas.com.ar,Flights Search Site
iTrip,itrip.net,Property Management Company
iTrip,itrip.net,Vacation Home Rental Agency
iTrip,itrip.net,Pet-Friendly Accommodation
iTrip,itrip.net,Vacation Rental
iTrip,itrip.net,Holiday Home
K2 Tickets,k2tickets.com,Travel Agency
A-Passport & Visa Services,avisaservices.com,Passport Agent
A-Passport & Visa Services,avisaservices.com,Visa and Passport Office
A-Passport & Visa Services,avisaservices.com,Travel Agency
A-Passport & Visa Services,avisaservices.com,Passport Photo Processor
A-Passport & Visa Services,avisaservices.com,Passport Office
A-Passport & Visa Services,avisaservices.com,Visa Consultant
Vagamo,vagamo.com,Airline Ticket Agency
Vagamo,vagamo.com,Travel Agency
Vagamo,vagamo.com,Flights Search Site
Explorient Travel Services,www.explorient.com,Travel Agency
Explorient Travel Services,www.explorient.com,Cultural Tours Provider
Explorient Travel Services,www.explorient.com,Tour Operator
SA Vacations,savacations.com,Travel Agency
SA Vacations,savacations.com,Tour Operator
Cheapflightbuddy,cheapflightbuddy.com,Travel Agency
Newyorksightseeing,www.newyorksightseeing.com,Travel & Vacation
EL EXITO,www.exito.com,Travel & Vacation
Inspecto.com,inspecto.com,Flights Search Site
Inspecto.com,inspecto.com,Travel Agency
Cobalt Corporate Travel,cobaltcorporatetravel.com,Travel Aggregator
VacationRoost,www.vacationroost.com,Travel Agency
FareoGlobe,fareoglobe.com,Travel & Vacation
"AskAladdin, The Egypt Experts!",www.ask-aladdin.com,Cruise Agency
"AskAladdin, The Egypt Experts!",www.ask-aladdin.com,Travel Agency
"AskAladdin, The Egypt Experts!",www.ask-aladdin.com,Cultural Tours Provider
Civil War Ghosts,civilwarghosts.com,Tour Operator
Book2park,book2park.com,Parking Lot
Book2park,book2park.com,Travel Agency
Adventures Croatia,www.adventurescroatia.com,Tour Agency
Adventures Croatia,www.adventurescroatia.com,Travel Agency
Adventures Croatia,www.adventurescroatia.com,Tour Operator
Al Madinah Travels,almadinahtravels.com,Travel Agency
Spot2Nite,spot2nite.com,Holiday Accommodation Service
Spot2Nite,spot2nite.com,Travel Agency
Spot2Nite,spot2nite.com,Recreational and Vacation Camps
Spot2Nite,spot2nite.com,Travel Aggregator
momondo.es,momondo.es,Flights Search Site
Running of the Bulls,www.festivalpros.com,Travel Agency
Running of the Bulls,www.festivalpros.com,Tour Operator
Thejerseyflights,thejerseyflights.com,Travel Agency
Thejerseyflights,thejerseyflights.com,Airline Ticket Agency
Thejerseyflights,thejerseyflights.com,Flights Search Site
Thejerseyflights,thejerseyflights.com,Hotel
Thejerseyflights,thejerseyflights.com,Tour Agency
Thejerseyflights,thejerseyflights.com,Airline
SkiTDS,skitds.com,Travel Agency
SkiTDS,skitds.com,Ski Holidays
HelloVacay,hellovacay.com,Travel Aggregator
HelloVacay,hellovacay.com,Holiday Accommodation Service
HelloVacay,hellovacay.com,Flights Search Site
Trafalgar Travel,trafalgar.com,Travel & Vacation
Your Golf There,golfthere.com,Travel Agency
Your Golf There,golfthere.com,Tour Operator
Interval International,intervalworld.com,Tour Operator
Interval International,intervalworld.com,Cultural Tours Provider
Interval International,intervalworld.com,Travel Aggregator
Interval International,intervalworld.com,Travel Agency
Via Croatia,www.via-croatia.com,Tour Operator
Via Croatia,www.via-croatia.com,Travel Agency
Spectate,spectatetravel.co.uk,Tour Operator
Umrah International,umrahinternational.com,Travel Agency
Malmaison Hotels,malmaison.com,Hotel
Malmaison Hotels,malmaison.com,Business Hotel
Malmaison Hotels,malmaison.com,Boutique Hotel
Croatia Airlines,www.croatiaairlines.com,Airline
Croatia Airlines,www.croatiaairlines.com,Travel Agency
Croatia Airlines,www.croatiaairlines.com,Flights Search Site
Park Resorts,www.park-resorts.com,Holiday Park
SummitCove Lodging,summitcove.com,House Cleaning Service
SummitCove Lodging,summitcove.com,Carpet Cleaning Service
SummitCove Lodging,summitcove.com,Cleaning Service
SummitCove Lodging,summitcove.com,Property Management Company
SummitCove Lodging,summitcove.com,Vacation Home Rental Agency
SummitCove Lodging,summitcove.com,Curtain and Upholstery Cleaning Service
First Fly Travel,firstflytravel.com,Flights Search Site
Abildkro,abildkro.dk,Family Hotel
Govt,vietnamvisa.govt.vn,Travel Agency
Govt,vietnamvisa.govt.vn,Visa Consultant
Flywithcloud,flywithcloud.com,Travel Agency
Action Tour Guide,actiontourguide.com,Tour Operator
Webjet.co.nz,webjet.co.nz,Flights Search Site
Webjet.co.nz,webjet.co.nz,Travel Agency
Loyalty World Shop,loyaltyworld.ca,Travel Aggregator
Cultural Italy,culturalitaly.com,Travel Agency
FlightFareDeals,flightfaredeals.com,Airline Ticket Agency
FlightFareDeals,flightfaredeals.com,Travel Agency
HotelRunner,hotelrunner.com,Hotel
HotelRunner,hotelrunner.com,Travel Agency
AllTrails,alltrails.com,Tour Operator
AllTrails,alltrails.com,Travel Agency
AllTrails,alltrails.com,Tour Agency
TourHero,tourhero.com,Travel Agency
arajet.com,arajet.com,Flights Search Site
arajet.com,arajet.com,Travel Agency
arajet.com,arajet.com,Airline Ticket Agency
Miami Tour Company,miamitourcompany.com,Travel Agency
Miami Tour Company,miamitourcompany.com,Tour Operator
Miami Tour Company,miamitourcompany.com,Cultural Tours Provider
capitalonetravel.com,www.capitalonetravel.com,Travel Aggregator
capitalonetravel.com,www.capitalonetravel.com,Travel Agency
VIPFARES,www.vipfares.com,Travel Agency
VIPFARES,www.vipfares.com,Airline Ticket Agency
VIPFARES,www.vipfares.com,Flights Search Site
Vfsgloble,vfsgloble.com,Visa Consultant
Vfsgloble,vfsgloble.com,Travel Agency
CUBAN TRAVEL AGENCY,cubacenter.com,Car Rental Agency
CUBAN TRAVEL AGENCY,cubacenter.com,Travel Agency
nicetours.net,nicetours.net,Cruise Travel Agency
nicetours.net,nicetours.net,Boat Tour Agency
nicetours.net,nicetours.net,Travel Agency
nicetours.net,nicetours.net,Balloon Ride Tour Agency
nicetours.net,nicetours.net,Tour Agency
Travoman LLC,travoman.com,Flights Search Site
Travoman LLC,travoman.com,Tour Operator
Travoman LLC,travoman.com,Visa Consultant
Travoman LLC,travoman.com,Travel Agency
Journey-Masters,www.journey-masters.com,Travel Agency
Puppiesnation,puppiesnation.com,Pet-Friendly Accommodation
Faresjourney,faresjourney.com,Travel Agency
Faresjourney,faresjourney.com,Airline Ticket Agency
Big Bear Vacations,bigbearcabins.com,Travel Agency
Big Bear Vacations,bigbearcabins.com,Vacation Rental
Norweigan,norweigan.com,Travel Agency
Norweigan,norweigan.com,Flights Search Site
Norweigan,norweigan.com,Tour Operator
FlashCoast a Promodealer Company,flashcoast.com,Travel Agency
All Travel,all-travel.com,Travel Agency
Military Flight Travel,militaryflighttravel.com,Flights Search Site
Military Flight Travel,militaryflighttravel.com,Travel Agency
Aconsumercredit™ LLC,aconsumercredit.com,Travel Agency
Elite Vacation Homes,elitevacationhomes.com,Travel Agency
Elite Vacation Homes,elitevacationhomes.com,Vacation Rental
Blue Pacific Vacation Rentals,www.bluepacificvacationrentals.com,Travel Agency
Blue Pacific Vacation Rentals,www.bluepacificvacationrentals.com,Vacation Rental
"VOMOS, Inc.",vomos.com,Travel Agency
Travelner Insurance Agency,travelner.com,Travel Insurance Company
Travelner Insurance Agency,travelner.com,Airline Ticket Agency
Travelner Insurance Agency,travelner.com,Holiday Accommodation Service
Аэрофлот,aeroflot.com,Airline
Аэрофлот,aeroflot.com,Travel Agency
Аэрофлот,aeroflot.com,Flights Search Site
Costco Travel,www.costcotravel.com,Travel Aggregator
Costco Travel,www.costcotravel.com,Tour Operator
Costco Travel,www.costcotravel.com,Travel Agency
Costco Travel,www.costcotravel.com,Cruise Agency
Us Immigrationsupport,us-immigrationsupport.org,Visa Consultant
Us Immigrationsupport,us-immigrationsupport.org,Travel Agency
Us Immigrationsupport,us-immigrationsupport.org,Travel Aggregator
Us Immigrationsupport,us-immigrationsupport.org,Visa and Passport Office
usagco.org,usagco.org,Visa Consultant
RewardStock,rewardstock.com,Travel Agency
Skies are Business,skiesarebusiness.com,Travel Agency
puntacanaadventures.com,puntacanaadventures.com,Tour Agency
FlyEgypt,flyegypt.today,Airline
FlyEgypt,flyegypt.today,Travel Agency
FlyEgypt,flyegypt.today,Flights Search Site
LATAM Airlines,www.lan.com,Flights Search Site
LATAM Airlines,www.lan.com,Airline
LATAM Airlines,www.lan.com,Travel Agency
EA Tours,eatours.com,Cultural Tours Provider
EA Tours,eatours.com,Travel Agency
Bamba Travel,bambatravel.com,Travel Agency
Bamba Travel,bambatravel.com,Tour Operator
Favisbook,favisbook.com,Travel Agency
Hilton Hotels & Resorts,hamptoninn3.hilton.com,Hotel
Hilton Hotels & Resorts,hamptoninn3.hilton.com,Family Hotel
United Airlines,unitedairlines.com,Airline
United Airlines,unitedairlines.com,Flights Search Site
United Airlines,unitedairlines.com,Travel Agency
United Airlines,unitedairlines.com,Airport
Jet Airways,www.jetairways.com,Travel Agency
Jet Airways,www.jetairways.com,Airline
Jet Airways,www.jetairways.com,Tour Operator
Jet Airways,www.jetairways.com,Flights Search Site
Fast Passport Center,fastpassportcenter.com,Association or Organization
Fast Passport Center,fastpassportcenter.com,Municipal Administration Office
Fast Passport Center,fastpassportcenter.com,Visa and Passport Office
Silver Breeze Travel,silverbreezetravels.com,Travel Agency
Ardenne Residences,www.ardenneresidences.com,Holiday Home
Ardenne Residences,www.ardenneresidences.com,Vacation Home Rental Agency
Ardenne Residences,www.ardenneresidences.com,Cottage
Ardenne Residences,www.ardenneresidences.com,Holiday Accommodation Service
Ardenne Residences,www.ardenneresidences.com,Vacation Rental
My Flight Mart,myflightmart.com,Airline Ticket Agency
forbiser.com,www.forbiser.com,Travel Agency
"Bangkok Airways
บางกอกแอร์เวยส์",www.bangkokair.com,Airline
"Bangkok Airways
บางกอกแอร์เวยส์",www.bangkokair.com,Flights Search Site
"Bangkok Airways
บางกอกแอร์เวยส์",www.bangkokair.com,Travel Agency
Modern Travelworks | Modern Destination Weddings,moderndestinationweddings.com,Travel Agency
Zegrahm Expeditions,www.zegrahm.com,Travel Agency
DreamTrips,dreamtrips.com,Travel Agency
DreamTrips,dreamtrips.com,Tour Operator
DreamTrips,dreamtrips.com,Tour Agency
DreamTrips,dreamtrips.com,Travel Aggregator
Happyrooms.com,happyrooms.com,Travel Agency
Happyrooms.com,happyrooms.com,Hotel
Walks of Italy,www.walksofitaly.com,Travel Agency
Walks of Italy,www.walksofitaly.com,Tour Operator
Salem Ghosts,salemghosts.com,Tour Operator
Book My Travelin,bookmytravelin.com,Flights Search Site
Bookflightickets,bookflightickets.com,Flights Search Site
Bookflightickets,bookflightickets.com,Travel Agency
Baboo Travel,baboo.travel,Tour Agency
Baboo Travel,baboo.travel,Travel Agency
Baboo Travel,baboo.travel,Tour Operator
Orgmytrip,orgmytrip.com,Travel Agency
Siampark,www.siampark.net,Amusement Center
Siampark,www.siampark.net,Travel Agency
Siampark,www.siampark.net,Tour Operator
Liftopia,liftopia.com,Ski Holidays
Liftopia,liftopia.com,Travel Agency
Chico's,www.chicos.com,Travel Agency
TravelReImagine,travelreimagine.com,Travel & Vacation
Cool Key West,coolkeywest.com,Tourist Information Center
Cool Key West,coolkeywest.com,Tour Agency
Cool Key West,coolkeywest.com,Boat Tour Agency
Cool Key West,coolkeywest.com,Bus Tour Agency
Cool Key West,coolkeywest.com,Sightseeing Tour Agency
PacificIslands.com,pacificislands.com,Tour Operator
PacificIslands.com,pacificislands.com,Travel Agency
Cruisemiles.Com,www.cruisemiles.com,Travel Agency
United,www.united.com,Airline
United,www.united.com,Flights Search Site
United,www.united.com,Car Accessories Store
United,www.united.com,Travel Agency
Glamping Hub,glampinghub.com,Travel Agency
Glamping Hub,glampinghub.com,Pet-Friendly Accommodation
Glamping Hub,glampinghub.com,Vacation Rental
Glamping Hub,glampinghub.com,Holiday Accommodation Service
Athletes USA,athletesusa.org,Sport Tour Agency
Athletes USA,athletesusa.org,Career and Education Provider
H&S Travel & Tours,www.2mycountry.com,Travel & Vacation
Reservecalifornia,reservecalifornia.com,Lodging
Reservecalifornia,reservecalifornia.com,Camping Store
Reservecalifornia,reservecalifornia.com,Pet-Friendly Accommodation
Reservecalifornia,reservecalifornia.com,Vacation Rental
Buckingham Luxury Vacation Rentals,buckinghamtahoerentals.com,Vacation Rental
Buckingham Luxury Vacation Rentals,buckinghamtahoerentals.com,Travel Agency
Descapada,descapada.com,Travel Aggregator
Descapada,descapada.com,Tour Operator
Descapada,descapada.com,Tour Agency
Descapada,descapada.com,Travel Agency
Oru Kayak,www.orukayak.com,Travel & Vacation
TRIPOMATE,www.tripomate.com,Travel Aggregator
TRIPOMATE,www.tripomate.com,Travel Agency
Flo Tours,www.flotours.com,Travel Agency
Flo Tours,www.flotours.com,Tour Operator
